Unnamed: 0,model1,dataset1,gpu_num1,batchsize1,amp1,speed1,model2,dataset2,gpu_num2,batchsize2,amp2,speed2,gpu_util,gmem_util,gmem
0,MobileNetV3,ImageNet,2,32,0,1346.624,ResNet18,CIFAR-10,2,32,0,1736.518,27.544,7.631,4716
1,MobileNetV3,ImageNet,2,32,0,1312.425,ResNet18,CIFAR-10,2,32,1,1586.643,23.394,5.919,4704
2,MobileNetV3,ImageNet,2,32,1,1187.055,ResNet18,CIFAR-10,2,32,0,1698.41,27.333,7.626,4592
3,MobileNetV3,ImageNet,2,32,1,1302.467,ResNet18,CIFAR-10,2,32,1,1593.98,23.465,6.081,4606
4,MobileNetV3,ImageNet,2,32,0,1320.009,ResNet18,CIFAR-10,2,64,0,3449.248,34.366,12.802,4758
5,MobileNetV3,ImageNet,2,32,0,1291.969,ResNet18,CIFAR-10,2,64,1,3170.395,27.723,9.069,4698
6,MobileNetV3,ImageNet,2,32,1,1256.14,ResNet18,CIFAR-10,2,64,0,3411.18,34.248,12.673,4658
7,MobileNetV3,ImageNet,2,32,1,1234.109,ResNet18,CIFAR-10,2,64,1,3154.135,27.574,8.584,4648
8,MobileNetV3,ImageNet,2,32,0,1317.585,ResNet18,CIFAR-10,2,128,0,6725.34,46.59,23.81,4914
9,MobileNetV3,ImageNet,2,32,0,1311.347,ResNet18,CIFAR-10,2,128,1,6348.802,36.121,14.424,5964
10,MobileNetV3,ImageNet,2,32,1,1207.353,ResNet18,CIFAR-10,2,128,0,6694.995,46.243,24.097,4920
11,MobileNetV3,ImageNet,2,32,1,1190.19,ResNet18,CIFAR-10,2,128,1,6350.621,37.604,14.653,5822
12,MobileNetV3,ImageNet,2,64,0,2664.132,ResNet18,CIFAR-10,2,32,0,1734.861,28.406,7.703,5044
13,MobileNetV3,ImageNet,2,64,0,2644.436,ResNet18,CIFAR-10,2,32,1,1621.765,25.188,6.624,5032
14,MobileNetV3,ImageNet,2,64,1,2348.14,ResNet18,CIFAR-10,2,32,0,1699.231,26.072,7.33,4752
15,MobileNetV3,ImageNet,2,64,1,2382.133,ResNet18,CIFAR-10,2,32,1,1602.307,24.828,6.798,4764
16,MobileNetV3,ImageNet,2,64,0,2649.403,ResNet18,CIFAR-10,2,64,0,3432.274,34.216,12.835,5110
17,MobileNetV3,ImageNet,2,64,0,2704.114,ResNet18,CIFAR-10,2,64,1,3218.65,29.447,9.816,5026
18,MobileNetV3,ImageNet,2,64,1,2289.872,ResNet18,CIFAR-10,2,64,0,3445.446,33.673,12.406,4818
19,MobileNetV3,ImageNet,2,64,1,2341.891,ResNet18,CIFAR-10,2,64,1,3193.103,29.272,9.32,4796
20,MobileNetV3,ImageNet,2,64,0,2571.419,ResNet18,CIFAR-10,2,128,0,6719.486,48.0,23.067,5362
21,MobileNetV3,ImageNet,2,64,0,2669.248,ResNet18,CIFAR-10,2,128,1,6251.42,37.545,15.02,6204
22,MobileNetV3,ImageNet,2,64,1,2392.804,ResNet18,CIFAR-10,2,128,0,6750.16,46.81,24.0,5030
23,MobileNetV3,ImageNet,2,64,1,2387.823,ResNet18,CIFAR-10,2,128,1,6178.686,35.67,13.938,5988
24,MobileNetV3,ImageNet,2,128,0,5365.368,ResNet18,CIFAR-10,2,32,0,1765.067,30.859,8.556,5674
25,MobileNetV3,ImageNet,2,128,0,5308.709,ResNet18,CIFAR-10,2,32,1,1630.326,27.913,8.573,5662
26,MobileNetV3,ImageNet,2,128,1,4602.213,ResNet18,CIFAR-10,2,32,0,1740.993,30.061,8.121,5084
27,MobileNetV3,ImageNet,2,128,1,4678.428,ResNet18,CIFAR-10,2,32,1,1616.119,25.792,6.861,5092
28,MobileNetV3,ImageNet,2,128,0,5240.105,ResNet18,CIFAR-10,2,64,0,3460.91,35.971,14.039,5736
29,MobileNetV3,ImageNet,2,128,0,5386.198,ResNet18,CIFAR-10,2,64,1,3145.504,28.701,9.722,5694
30,MobileNetV3,ImageNet,2,128,1,4579.774,ResNet18,CIFAR-10,2,64,0,3403.902,35.717,12.02,5178
31,MobileNetV3,ImageNet,2,128,1,4712.807,ResNet18,CIFAR-10,2,64,1,3237.645,29.168,9.119,5166
32,MobileNetV3,ImageNet,2,128,0,5374.313,ResNet18,CIFAR-10,2,128,0,6813.476,49.619,27.581,5910
33,MobileNetV3,ImageNet,2,128,0,5875.963,ResNet18,CIFAR-10,2,128,1,6181.537,38.081,15.283,6864
34,MobileNetV3,ImageNet,2,128,1,4662.968,ResNet18,CIFAR-10,2,128,0,6739.657,46.158,24.485,5418
35,MobileNetV3,ImageNet,2,128,1,4578.125,ResNet18,CIFAR-10,2,128,1,6338.426,39.248,15.752,6338
36,MobileNetV3,ImageNet,2,32,0,1370.24,MobileNetV2,CIFAR-10,2,32,0,990.542,15.907,3.392,4676
37,MobileNetV3,ImageNet,2,32,0,1357.48,MobileNetV2,CIFAR-10,2,32,1,908.403,15.247,2.113,4590
38,MobileNetV3,ImageNet,2,32,1,1291.813,MobileNetV2,CIFAR-10,2,32,0,1033.146,16.495,3.371,4578
39,MobileNetV3,ImageNet,2,32,1,1187.405,MobileNetV2,CIFAR-10,2,32,1,876.774,14.126,1.674,4506
40,MobileNetV3,ImageNet,2,32,0,1374.627,MobileNetV2,CIFAR-10,2,64,0,2018.158,21.957,7.882,4906
41,MobileNetV3,ImageNet,2,32,0,,MobileNetV2,CIFAR-10,2,64,1,1796.759,16.916,3.737,4678
42,MobileNetV3,ImageNet,2,32,1,1218.413,MobileNetV2,CIFAR-10,2,64,0,1983.935,21.814,7.557,4778
43,MobileNetV3,ImageNet,2,32,1,1164.143,MobileNetV2,CIFAR-10,2,64,1,1822.162,17.722,3.959,4584
44,MobileNetV3,ImageNet,2,32,0,1280.694,MobileNetV2,CIFAR-10,2,128,0,3989.586,34.105,17.695,5396
45,MobileNetV3,ImageNet,2,32,0,1289.128,MobileNetV2,CIFAR-10,2,128,1,3904.845,26.381,9.227,4928
46,MobileNetV3,ImageNet,2,32,1,1129.774,MobileNetV2,CIFAR-10,2,128,0,3989.362,34.131,17.495,5298
47,MobileNetV3,ImageNet,2,32,1,1226.266,MobileNetV2,CIFAR-10,2,128,1,3614.574,25.737,8.632,4886
48,MobileNetV3,ImageNet,2,64,0,2775.217,MobileNetV2,CIFAR-10,2,32,0,1016.968,16.485,3.889,5008
49,MobileNetV3,ImageNet,2,64,0,2616.103,MobileNetV2,CIFAR-10,2,32,1,914.571,15.021,2.242,4928
50,MobileNetV3,ImageNet,2,64,1,2381.167,MobileNetV2,CIFAR-10,2,32,0,1003.946,16.443,3.515,4732
51,MobileNetV3,ImageNet,2,64,1,2350.638,MobileNetV2,CIFAR-10,2,32,1,896.824,15.196,2.247,4706
52,MobileNetV3,ImageNet,2,64,0,2740.806,MobileNetV2,CIFAR-10,2,64,0,2017.348,22.258,8.113,5218
53,MobileNetV3,ImageNet,2,64,0,2667.636,MobileNetV2,CIFAR-10,2,64,1,1766.845,17.699,4.118,5016
54,MobileNetV3,ImageNet,2,64,1,2446.555,MobileNetV2,CIFAR-10,2,64,0,2053.545,22.779,8.179,5000
55,MobileNetV3,ImageNet,2,64,1,2475.383,MobileNetV2,CIFAR-10,2,64,1,1825.962,17.695,3.989,4720
56,MobileNetV3,ImageNet,2,64,0,2577.06,MobileNetV2,CIFAR-10,2,128,0,3921.808,34.773,18.103,5728
57,MobileNetV3,ImageNet,2,64,0,2662.526,MobileNetV2,CIFAR-10,2,128,1,3568.853,25.937,8.821,5272
58,MobileNetV3,ImageNet,2,64,1,2363.023,MobileNetV2,CIFAR-10,2,128,0,3943.32,34.779,17.516,5460
59,MobileNetV3,ImageNet,2,64,1,2431.513,MobileNetV2,CIFAR-10,2,128,1,3825.422,26.768,9.158,5112
60,MobileNetV3,ImageNet,2,128,0,5142.869,MobileNetV2,CIFAR-10,2,32,0,988.97,17.4,4.211,5634
61,MobileNetV3,ImageNet,2,128,0,5082.267,MobileNetV2,CIFAR-10,2,32,1,928.858,16.918,3.01,5606
62,MobileNetV3,ImageNet,2,128,1,4645.309,MobileNetV2,CIFAR-10,2,32,0,996.246,17.423,3.887,5144
63,MobileNetV3,ImageNet,2,128,1,4759.103,MobileNetV2,CIFAR-10,2,32,1,908.697,16.316,2.379,5064
64,MobileNetV3,ImageNet,2,128,0,4979.783,MobileNetV2,CIFAR-10,2,64,0,1945.362,23.66,8.887,5848
65,MobileNetV3,ImageNet,2,128,0,5426.43,MobileNetV2,CIFAR-10,2,64,1,1789.275,18.116,4.674,5642
66,MobileNetV3,ImageNet,2,128,1,4792.413,MobileNetV2,CIFAR-10,2,64,0,1955.454,22.653,7.937,5376
67,MobileNetV3,ImageNet,2,128,1,4770.243,MobileNetV2,CIFAR-10,2,64,1,1803.693,18.474,4.147,5152
68,MobileNetV3,ImageNet,2,128,0,5313.862,MobileNetV2,CIFAR-10,2,128,0,4053.441,37.165,19.588,6354
69,MobileNetV3,ImageNet,2,128,0,5140.111,MobileNetV2,CIFAR-10,2,128,1,3547.599,26.613,8.505,5916
70,MobileNetV3,ImageNet,2,128,1,4536.381,MobileNetV2,CIFAR-10,2,128,0,3990.173,34.758,17.832,5864
71,MobileNetV3,ImageNet,2,128,1,4577.647,MobileNetV2,CIFAR-10,2,128,1,3466.991,25.253,8.165,2627
72,MobileNetV3,ImageNet,2,32,0,1403.429,EfficientNetB0,CIFAR-10,2,32,0,827.141,13.663,1.095,4530
73,MobileNetV3,ImageNet,2,32,0,1343.482,EfficientNetB0,CIFAR-10,2,32,1,743.525,13.411,0.716,4518
74,MobileNetV3,ImageNet,2,32,1,1188.922,EfficientNetB0,CIFAR-10,2,32,0,866.35,13.674,1.011,4418
75,MobileNetV3,ImageNet,2,32,1,1192.611,EfficientNetB0,CIFAR-10,2,32,1,745.77,13.527,0.656,4458
76,MobileNetV3,ImageNet,2,32,0,1327.747,EfficientNetB0,CIFAR-10,2,64,0,1681.737,15.835,1.67,4668
77,MobileNetV3,ImageNet,2,32,0,1289.792,EfficientNetB0,CIFAR-10,2,64,1,1553.041,13.926,1.189,4548
78,MobileNetV3,ImageNet,2,32,1,1149.52,EfficientNetB0,CIFAR-10,2,64,0,1681.3,15.221,1.537,4552
79,MobileNetV3,ImageNet,2,32,1,1244.727,EfficientNetB0,CIFAR-10,2,64,1,1487.22,13.063,1.032,4472
80,MobileNetV3,ImageNet,2,32,0,1317.338,EfficientNetB0,CIFAR-10,2,128,0,3371.511,19.463,3.768,5082
81,MobileNetV3,ImageNet,2,32,0,1310.55,EfficientNetB0,CIFAR-10,2,128,1,3056.86,16.701,2.041,4754
82,MobileNetV3,ImageNet,2,32,1,1217.485,EfficientNetB0,CIFAR-10,2,128,0,3421.554,19.424,3.747,4960
83,MobileNetV3,ImageNet,2,32,1,1182.571,EfficientNetB0,CIFAR-10,2,128,1,3044.45,16.021,1.842,4654
84,MobileNetV3,ImageNet,2,64,0,2623.756,EfficientNetB0,CIFAR-10,2,32,0,821.058,13.022,1.215,4860
85,MobileNetV3,ImageNet,2,64,0,2608.832,EfficientNetB0,CIFAR-10,2,32,1,752.228,14.32,1.299,4856
86,MobileNetV3,ImageNet,2,64,1,2523.956,EfficientNetB0,CIFAR-10,2,32,0,853.409,14.179,1.158,4566
87,MobileNetV3,ImageNet,2,64,1,2373.582,EfficientNetB0,CIFAR-10,2,32,1,752.43,13.68,0.814,4580
88,MobileNetV3,ImageNet,2,64,0,2774.369,EfficientNetB0,CIFAR-10,2,64,0,1652.144,15.389,1.779,5000
89,MobileNetV3,ImageNet,2,64,0,2663.567,EfficientNetB0,CIFAR-10,2,64,1,1485.7,14.305,1.453,4906
90,MobileNetV3,ImageNet,2,64,1,2213.663,EfficientNetB0,CIFAR-10,2,64,0,1645.671,15.361,1.515,4704
91,MobileNetV3,ImageNet,2,64,1,2408.807,EfficientNetB0,CIFAR-10,2,64,1,1466.787,14.495,1.232,4634
92,MobileNetV3,ImageNet,2,64,0,2556.62,EfficientNetB0,CIFAR-10,2,128,0,3400.488,20.202,4.333,5342
93,MobileNetV3,ImageNet,2,64,0,2581.157,EfficientNetB0,CIFAR-10,2,128,1,3107.767,17.162,2.444,5092
94,MobileNetV3,ImageNet,2,64,1,2529.894,EfficientNetB0,CIFAR-10,2,128,0,3596.436,20.634,4.218,5124
95,MobileNetV3,ImageNet,2,64,1,2427.738,EfficientNetB0,CIFAR-10,2,128,1,3069.515,17.093,2.113,4798
96,MobileNetV3,ImageNet,2,128,0,5469.053,EfficientNetB0,CIFAR-10,2,32,0,895.953,14.216,1.629,5494
97,MobileNetV3,ImageNet,2,128,0,6099.859,EfficientNetB0,CIFAR-10,2,32,1,760.0,14.402,1.495,5484
98,MobileNetV3,ImageNet,2,128,1,4803.794,EfficientNetB0,CIFAR-10,2,32,0,829.586,14.835,1.608,4920
99,MobileNetV3,ImageNet,2,128,1,4824.858,EfficientNetB0,CIFAR-10,2,32,1,759.192,14.284,1.232,4914
100,MobileNetV3,ImageNet,2,128,0,5107.671,EfficientNetB0,CIFAR-10,2,64,0,1725.941,16.463,2.137,5626
101,MobileNetV3,ImageNet,2,128,0,5379.41,EfficientNetB0,CIFAR-10,2,64,1,1514.14,15.897,1.959,5532
102,MobileNetV3,ImageNet,2,128,1,,EfficientNetB0,CIFAR-10,2,64,0,1689.098,15.043,1.613,5090
103,MobileNetV3,ImageNet,2,128,1,4794.544,EfficientNetB0,CIFAR-10,2,64,1,1500.1,14.443,1.495,4962
104,MobileNetV3,ImageNet,2,128,0,5132.189,EfficientNetB0,CIFAR-10,2,128,0,3373.98,19.811,4.495,5996
105,MobileNetV3,ImageNet,2,128,0,5318.198,EfficientNetB0,CIFAR-10,2,128,1,2998.529,18.211,2.316,5718
106,MobileNetV3,ImageNet,2,128,1,4721.474,EfficientNetB0,CIFAR-10,2,128,0,3499.339,21.293,4.364,5558
107,MobileNetV3,ImageNet,2,128,1,4889.222,EfficientNetB0,CIFAR-10,2,128,1,2986.992,18.293,2.646,5182
108,MobileNetV3,ImageNet,2,32,0,1301.673,VGG,CIFAR-10,2,32,0,2693.765,26.798,6.242,5634
109,MobileNetV3,ImageNet,2,32,0,1354.828,VGG,CIFAR-10,2,32,1,2575.223,25.058,5.612,5588
110,MobileNetV3,ImageNet,2,32,1,1161.009,VGG,CIFAR-10,2,32,0,2709.755,26.653,6.069,5538
111,MobileNetV3,ImageNet,2,32,1,1188.807,VGG,CIFAR-10,2,32,1,2522.106,23.644,5.238,5544
112,MobileNetV3,ImageNet,2,32,0,1313.935,VGG,CIFAR-10,2,64,0,5521.423,30.768,9.081,4710
113,MobileNetV3,ImageNet,2,32,0,1323.187,VGG,CIFAR-10,2,64,1,4927.044,25.711,6.67,5124
114,MobileNetV3,ImageNet,2,32,1,1235.829,VGG,CIFAR-10,2,64,0,5327.321,30.165,8.796,4570
115,MobileNetV3,ImageNet,2,32,1,1145.326,VGG,CIFAR-10,2,64,1,5068.544,25.899,6.485,5052
116,MobileNetV3,ImageNet,2,32,0,1343.734,VGG,CIFAR-10,2,128,0,10301.027,34.434,12.515,4956
117,MobileNetV3,ImageNet,2,32,0,1245.382,VGG,CIFAR-10,2,128,1,9484.135,29.131,8.101,5958
118,MobileNetV3,ImageNet,2,32,1,1224.584,VGG,CIFAR-10,2,128,0,10310.443,34.333,13.152,5824
119,MobileNetV3,ImageNet,2,32,1,1203.769,VGG,CIFAR-10,2,128,1,9782.652,29.267,8.327,4854
120,MobileNetV3,ImageNet,2,64,0,2511.411,VGG,CIFAR-10,2,32,0,2708.081,27.683,6.03,5972
121,MobileNetV3,ImageNet,2,64,0,2688.503,VGG,CIFAR-10,2,32,1,2573.859,25.713,6.653,5986
122,MobileNetV3,ImageNet,2,64,1,2336.757,VGG,CIFAR-10,2,32,0,2677.113,26.825,6.206,5700
123,MobileNetV3,ImageNet,2,64,1,2507.438,VGG,CIFAR-10,2,32,1,2523.794,24.196,5.423,5630
124,MobileNetV3,ImageNet,2,64,0,2565.571,VGG,CIFAR-10,2,64,0,5445.685,30.748,9.282,5004
125,MobileNetV3,ImageNet,2,64,0,2884.063,VGG,CIFAR-10,2,64,1,4989.283,26.282,7.262,5462
126,MobileNetV3,ImageNet,2,64,1,2279.898,VGG,CIFAR-10,2,64,0,5436.528,30.182,8.444,5764
127,MobileNetV3,ImageNet,2,64,1,2371.355,VGG,CIFAR-10,2,64,1,4929.225,26.566,6.848,5168
128,MobileNetV3,ImageNet,2,64,0,2641.49,VGG,CIFAR-10,2,128,0,10288.389,35.0,13.228,5038
129,MobileNetV3,ImageNet,2,64,0,2717.21,VGG,CIFAR-10,2,128,1,9646.807,30.311,9.243,5100
130,MobileNetV3,ImageNet,2,64,1,2348.678,VGG,CIFAR-10,2,128,0,10409.522,34.653,12.901,4760
131,MobileNetV3,ImageNet,2,64,1,2358.225,VGG,CIFAR-10,2,128,1,9215.373,28.951,8.33,4856
132,MobileNetV3,ImageNet,2,128,0,5205.787,VGG,CIFAR-10,2,32,0,2703.992,28.818,7.505,6598
133,MobileNetV3,ImageNet,2,128,0,5081.725,VGG,CIFAR-10,2,32,1,2527.173,27.646,7.727,6508
134,MobileNetV3,ImageNet,2,128,1,4554.471,VGG,CIFAR-10,2,32,0,2749.661,26.929,6.566,6062
135,MobileNetV3,ImageNet,2,128,1,4630.137,VGG,CIFAR-10,2,32,1,2634.269,26.792,6.436,5906
136,MobileNetV3,ImageNet,2,128,0,5237.272,VGG,CIFAR-10,2,64,0,5365.06,32.069,10.406,6644
137,MobileNetV3,ImageNet,2,128,0,5157.488,VGG,CIFAR-10,2,64,1,4890.108,28.0,8.273,6070
138,MobileNetV3,ImageNet,2,128,1,4669.651,VGG,CIFAR-10,2,64,0,5289.968,30.121,8.626,5080
139,MobileNetV3,ImageNet,2,128,1,4745.404,VGG,CIFAR-10,2,64,1,4870.873,26.175,6.866,5598
140,MobileNetV3,ImageNet,2,128,0,5254.367,VGG,CIFAR-10,2,128,0,10666.853,38.386,14.317,5960
141,MobileNetV3,ImageNet,2,128,0,5294.877,VGG,CIFAR-10,2,128,1,9441.559,30.021,9.432,5730
142,MobileNetV3,ImageNet,2,128,1,,VGG,CIFAR-10,2,128,0,10186.894,33.591,12.387,6316
143,MobileNetV3,ImageNet,2,128,1,4579.864,VGG,CIFAR-10,2,128,1,9350.589,28.723,8.317,5322
0,MobileNetV3,ImageNet,2,32,0,1352.98,DCGAN,LSUN,2,32,0,1668.727,26.152,5.556,5046
1,MobileNetV3,ImageNet,2,32,0,1341.628,DCGAN,LSUN,2,32,1,1395.73,21.66,3.897,5144
2,MobileNetV3,ImageNet,2,32,1,1255.211,DCGAN,LSUN,2,32,0,1537.725,25.653,4.723,4936
3,MobileNetV3,ImageNet,2,32,1,1249.385,DCGAN,LSUN,2,32,1,1498.364,22.921,4.455,4980
4,MobileNetV3,ImageNet,2,32,0,1304.716,DCGAN,LSUN,2,64,0,3311.39,33.455,9.198,4654
5,MobileNetV3,ImageNet,2,32,0,1329.942,DCGAN,LSUN,2,64,1,3179.421,24.848,5.838,5100
6,MobileNetV3,ImageNet,2,32,1,1192.127,DCGAN,LSUN,2,64,0,3316.747,33.641,8.117,4554
7,MobileNetV3,ImageNet,2,32,1,1150.207,DCGAN,LSUN,2,64,1,2851.28,25.172,5.374,4996
8,MobileNetV3,ImageNet,2,32,0,1273.74,DCGAN,LSUN,2,128,0,6181.092,44.198,14.673,5442
9,MobileNetV3,ImageNet,2,32,0,1365.354,DCGAN,LSUN,2,128,1,5432.052,31.04,8.01,4882
10,MobileNetV3,ImageNet,2,32,1,1217.574,DCGAN,LSUN,2,128,0,6399.18,45.851,15.04,5344
11,MobileNetV3,ImageNet,2,32,1,1217.453,DCGAN,LSUN,2,128,1,5740.78,30.98,8.242,4772
12,MobileNetV3,ImageNet,2,64,0,2599.725,DCGAN,LSUN,2,32,0,1685.409,25.697,5.838,5454
13,MobileNetV3,ImageNet,2,64,0,2717.531,DCGAN,LSUN,2,32,1,1535.294,22.262,5.107,5388
14,MobileNetV3,ImageNet,2,64,1,2432.697,DCGAN,LSUN,2,32,0,1698.618,24.856,5.474,5160
15,MobileNetV3,ImageNet,2,64,1,2412.299,DCGAN,LSUN,2,32,1,1546.672,21.404,4.404,5140
16,MobileNetV3,ImageNet,2,64,0,2622.693,DCGAN,LSUN,2,64,0,3008.084,32.848,8.667,4986
17,MobileNetV3,ImageNet,2,64,0,2594.536,DCGAN,LSUN,2,64,1,2834.417,25.626,6.202,5434
18,MobileNetV3,ImageNet,2,64,1,2397.868,DCGAN,LSUN,2,64,0,3403.819,33.738,9.505,4710
19,MobileNetV3,ImageNet,2,64,1,2222.259,DCGAN,LSUN,2,64,1,2808.524,25.564,5.505,5152
20,MobileNetV3,ImageNet,2,64,0,2653.648,DCGAN,LSUN,2,128,0,6846.146,48.182,16.414,5774
21,MobileNetV3,ImageNet,2,64,0,2562.663,DCGAN,LSUN,2,128,1,6024.917,32.535,9.663,5226
22,MobileNetV3,ImageNet,2,64,1,2324.251,DCGAN,LSUN,2,128,0,6843.88,47.606,16.131,5506
23,MobileNetV3,ImageNet,2,64,1,2367.855,DCGAN,LSUN,2,128,1,5602.383,31.621,8.779,4926
24,MobileNetV3,ImageNet,2,128,0,5306.872,DCGAN,LSUN,2,32,0,1699.516,26.838,6.889,6010
25,MobileNetV3,ImageNet,2,128,0,5176.316,DCGAN,LSUN,2,32,1,1491.07,24.851,5.733,6108
26,MobileNetV3,ImageNet,2,128,1,4526.914,DCGAN,LSUN,2,32,0,1599.015,27.313,5.687,5398
27,MobileNetV3,ImageNet,2,128,1,4591.864,DCGAN,LSUN,2,32,1,1481.249,23.446,5.01,5448
28,MobileNetV3,ImageNet,2,128,0,5136.476,DCGAN,LSUN,2,64,0,3432.613,35.621,10.204,5612
29,MobileNetV3,ImageNet,2,128,0,5148.598,DCGAN,LSUN,2,64,1,2832.704,28.455,8.129,6064
30,MobileNetV3,ImageNet,2,128,1,,DCGAN,LSUN,2,64,0,3416.385,32.919,9.455,5140
31,MobileNetV3,ImageNet,2,128,1,,DCGAN,LSUN,2,64,1,2985.511,23.589,5.453,5494
32,MobileNetV3,ImageNet,2,128,0,5428.842,DCGAN,LSUN,2,128,0,6010.456,46.295,14.021,6400
33,MobileNetV3,ImageNet,2,128,0,5131.355,DCGAN,LSUN,2,128,1,6141.808,33.072,9.598,5828
34,MobileNetV3,ImageNet,2,128,1,4131.521,DCGAN,LSUN,2,128,0,6025.895,43.421,14.021,5768
35,MobileNetV3,ImageNet,2,128,1,4773.119,DCGAN,LSUN,2,128,1,5564.822,32.374,8.515,5258
0,PointNet,ShapeNet,2,32,0,252.531,DCGAN,LSUN,2,32,0,2090.685,31.969,9.99,5786
1,PointNet,ShapeNet,2,32,0,242.783,DCGAN,LSUN,2,32,1,1709.04,25.691,8.814,5802
2,PointNet,ShapeNet,2,32,1,268.512,DCGAN,LSUN,2,32,0,2127.209,31.958,8.863,5418
3,PointNet,ShapeNet,2,32,1,272.887,DCGAN,LSUN,2,32,1,1607.722,23.556,6.889,5426
4,PointNet,ShapeNet,2,32,0,273.618,DCGAN,LSUN,2,64,0,3469.437,37.444,13.071,5980
5,PointNet,ShapeNet,2,32,0,259.361,DCGAN,LSUN,2,64,1,3049.385,27.126,9.537,5848
6,PointNet,ShapeNet,2,32,1,256.729,DCGAN,LSUN,2,64,0,3941.074,39.34,12.577,5604
7,PointNet,ShapeNet,2,32,1,261.304,DCGAN,LSUN,2,64,1,3483.998,29.537,8.105,5472
8,PointNet,ShapeNet,2,32,0,239.265,DCGAN,LSUN,2,128,0,6924.016,50.952,19.505,6186
9,PointNet,ShapeNet,2,32,0,259.106,DCGAN,LSUN,2,128,1,6227.092,35.444,12.808,6058
10,PointNet,ShapeNet,2,32,1,240.106,DCGAN,LSUN,2,128,0,6995.263,49.579,18.2,5810
11,PointNet,ShapeNet,2,32,1,261.441,DCGAN,LSUN,2,128,1,6441.628,34.526,11.557,5236
12,PointNet,ShapeNet,2,64,0,264.254,DCGAN,LSUN,2,32,0,2074.9,31.775,10.573,6670
13,PointNet,ShapeNet,2,64,0,247.98,DCGAN,LSUN,2,32,1,1713.041,25.221,8.842,6768
14,PointNet,ShapeNet,2,64,1,258.724,DCGAN,LSUN,2,32,0,2078.843,29.473,8.312,6052
15,PointNet,ShapeNet,2,64,1,270.648,DCGAN,LSUN,2,32,1,1635.344,22.591,7.0,6136
16,PointNet,ShapeNet,2,64,0,256.203,DCGAN,LSUN,2,64,0,3773.715,38.437,13.425,6856
17,PointNet,ShapeNet,2,64,0,245.88,DCGAN,LSUN,2,64,1,3225.754,29.084,10.126,6724
18,PointNet,ShapeNet,2,64,1,241.526,DCGAN,LSUN,2,64,0,3781.408,37.363,12.418,6208
19,PointNet,ShapeNet,2,64,1,249.524,DCGAN,LSUN,2,64,1,3309.072,27.443,7.876,6106
20,PointNet,ShapeNet,2,64,0,271.15,DCGAN,LSUN,2,128,0,6689.861,47.527,19.637,7082
21,PointNet,ShapeNet,2,64,0,266.956,DCGAN,LSUN,2,128,1,5827.813,31.29,11.742,6600
22,PointNet,ShapeNet,2,64,1,272.212,DCGAN,LSUN,2,128,0,6714.547,44.726,17.147,6414
23,PointNet,ShapeNet,2,64,1,246.587,DCGAN,LSUN,2,128,1,6249.405,32.764,10.539,5856
24,PointNet,ShapeNet,2,128,0,262.304,DCGAN,LSUN,2,32,0,1810.639,26.037,9.901,9050
25,PointNet,ShapeNet,2,128,0,270.531,DCGAN,LSUN,2,32,1,1531.318,22.904,8.988,8942
26,PointNet,ShapeNet,2,128,1,262.395,DCGAN,LSUN,2,32,0,2101.76,29.278,8.127,7234
27,PointNet,ShapeNet,2,128,1,267.217,DCGAN,LSUN,2,32,1,1770.644,24.234,7.974,7332
28,PointNet,ShapeNet,2,128,0,261.976,DCGAN,LSUN,2,64,0,3215.683,30.815,11.988,8960
29,PointNet,ShapeNet,2,128,0,255.618,DCGAN,LSUN,2,64,1,2921.516,24.337,8.916,9522
30,PointNet,ShapeNet,2,128,1,253.927,DCGAN,LSUN,2,64,0,3905.705,37.221,11.948,7420
31,PointNet,ShapeNet,2,128,1,261.398,DCGAN,LSUN,2,64,1,3070.582,22.28,7.427,7288
32,PointNet,ShapeNet,2,128,0,267.157,DCGAN,LSUN,2,128,0,6095.305,42.636,16.974,9306
33,PointNet,ShapeNet,2,128,0,259.401,DCGAN,LSUN,2,128,1,5881.293,28.735,11.193,9722
34,PointNet,ShapeNet,2,128,1,246.055,DCGAN,LSUN,2,128,0,7257.208,46.882,18.329,7626
35,PointNet,ShapeNet,2,128,1,258.386,DCGAN,LSUN,2,128,1,6120.28,29.772,10.962,7496
0,MobileNetV3,ImageNet,2,32,0,1361.264,PointNet,ShapeNet,2,32,0,255.71,6.924,4.797,5460
1,MobileNetV3,ImageNet,2,32,0,1316.538,PointNet,ShapeNet,2,32,1,264.852,2.988,1.663,5086
2,MobileNetV3,ImageNet,2,32,1,1211.57,PointNet,ShapeNet,2,32,0,266.987,4.68,3.413,5358
3,MobileNetV3,ImageNet,2,32,1,1177.104,PointNet,ShapeNet,2,32,1,264.457,4.024,1.965,4974
4,MobileNetV3,ImageNet,2,32,0,1296.761,PointNet,ShapeNet,2,64,0,274.949,5.627,4.493,4103
5,MobileNetV3,ImageNet,2,32,0,1335.561,PointNet,ShapeNet,2,64,1,277.589,3.183,2.648,3351
6,MobileNetV3,ImageNet,2,32,1,1158.692,PointNet,ShapeNet,2,64,0,274.616,4.304,3.551,4097
7,MobileNetV3,ImageNet,2,32,1,1237.009,PointNet,ShapeNet,2,64,1,273.573,3.301,2.699,3381
8,MobileNetV3,ImageNet,2,32,0,1341.721,PointNet,ShapeNet,2,128,0,258.432,5.644,4.627,6363
9,MobileNetV3,ImageNet,2,32,0,1365.8,PointNet,ShapeNet,2,128,1,257.676,1.764,1.491,4555
10,MobileNetV3,ImageNet,2,32,1,1074.225,PointNet,ShapeNet,2,128,0,267.47,1.77,1.459,6363
11,MobileNetV3,ImageNet,2,32,1,1198.975,PointNet,ShapeNet,2,128,1,262.851,2.525,2.082,4555
12,MobileNetV3,ImageNet,2,64,0,2522.557,PointNet,ShapeNet,2,32,0,265.608,4.416,3.221,3109
13,MobileNetV3,ImageNet,2,64,0,2559.638,PointNet,ShapeNet,2,32,1,262.46,2.307,1.507,2731
14,MobileNetV3,ImageNet,2,64,1,2432.207,PointNet,ShapeNet,2,32,0,252.908,4.133,2.947,5482
15,MobileNetV3,ImageNet,2,64,1,2427.155,PointNet,ShapeNet,2,32,1,267.158,3.208,1.974,2739
16,MobileNetV3,ImageNet,2,64,0,2686.975,PointNet,ShapeNet,2,64,0,275.39,4.211,3.38,4103
17,MobileNetV3,ImageNet,2,64,0,2660.716,PointNet,ShapeNet,2,64,1,267.823,3.423,2.746,3359
18,MobileNetV3,ImageNet,2,64,1,2325.603,PointNet,ShapeNet,2,64,0,270.685,4.356,3.534,4103
19,MobileNetV3,ImageNet,2,64,1,2357.219,PointNet,ShapeNet,2,64,1,270.904,3.11,2.534,3373
20,MobileNetV3,ImageNet,2,64,0,2465.688,PointNet,ShapeNet,2,128,0,263.578,4.0,3.206,6363
21,MobileNetV3,ImageNet,2,64,0,2521.654,PointNet,ShapeNet,2,128,1,279.1,2.492,2.066,4555
22,MobileNetV3,ImageNet,2,64,1,2071.134,PointNet,ShapeNet,2,128,0,275.948,3.934,3.262,6363
23,MobileNetV3,ImageNet,2,64,1,2324.006,PointNet,ShapeNet,2,128,1,271.199,3.333,2.841,4555
24,MobileNetV3,ImageNet,2,128,0,5246.352,PointNet,ShapeNet,2,32,0,265.066,7.506,5.148,6440
25,MobileNetV3,ImageNet,2,128,0,5076.634,PointNet,ShapeNet,2,32,1,269.359,3.734,2.127,2717
26,MobileNetV3,ImageNet,2,128,1,4590.82,PointNet,ShapeNet,2,32,0,266.487,6.649,4.468,5854
27,MobileNetV3,ImageNet,2,128,1,4928.758,PointNet,ShapeNet,2,32,1,270.435,3.654,2.321,5488
28,MobileNetV3,ImageNet,2,128,0,5191.062,PointNet,ShapeNet,2,64,0,275.529,3.63,2.904,4103
29,MobileNetV3,ImageNet,2,128,0,5349.691,PointNet,ShapeNet,2,64,1,267.747,3.042,2.394,3373
30,MobileNetV3,ImageNet,2,128,1,4414.43,PointNet,ShapeNet,2,64,0,268.506,6.058,4.884,4103
31,MobileNetV3,ImageNet,2,128,1,4935.875,PointNet,ShapeNet,2,64,1,272.495,3.36,2.693,3351
32,MobileNetV3,ImageNet,2,128,0,4784.102,PointNet,ShapeNet,2,128,0,274.973,5.377,4.508,6371
33,MobileNetV3,ImageNet,2,128,0,5605.263,PointNet,ShapeNet,2,128,1,260.791,2.627,2.186,4555
34,MobileNetV3,ImageNet,2,128,1,4183.619,PointNet,ShapeNet,2,128,0,267.994,3.339,2.763,6363
35,MobileNetV3,ImageNet,2,128,1,4403.197,PointNet,ShapeNet,2,128,1,252.914,2.286,1.921,4555
0,PointNet,ShapeNet,2,32,0,272.13,PointNet,ShapeNet,2,32,0,273.886,11.241,8.446,6194
1,PointNet,ShapeNet,2,32,0,271.144,PointNet,ShapeNet,2,32,1,271.122,7.955,5.607,5880
2,PointNet,ShapeNet,2,32,1,271.338,PointNet,ShapeNet,2,32,1,275.246,6.148,4.284,5450
3,PointNet,ShapeNet,2,32,0,273.761,PointNet,ShapeNet,2,64,0,262.862,10.325,8.265,7182
4,PointNet,ShapeNet,2,32,0,272.921,PointNet,ShapeNet,2,64,1,272.273,6.805,5.325,6466
5,PointNet,ShapeNet,2,32,1,266.726,PointNet,ShapeNet,2,64,0,270.246,9.063,6.987,6814
6,PointNet,ShapeNet,2,32,1,279.457,PointNet,ShapeNet,2,64,1,273.614,7.013,5.139,6084
7,PointNet,ShapeNet,2,32,0,267.015,PointNet,ShapeNet,2,128,0,263.334,8.079,6.349,9458
8,PointNet,ShapeNet,2,32,0,274.685,PointNet,ShapeNet,2,128,1,265.26,8.762,6.587,7642
9,PointNet,ShapeNet,2,32,1,277.865,PointNet,ShapeNet,2,128,0,266.949,5.972,4.465,8986
10,PointNet,ShapeNet,2,32,1,264.278,PointNet,ShapeNet,2,128,1,265.195,5.4,3.769,7266
11,PointNet,ShapeNet,2,64,0,278.078,PointNet,ShapeNet,2,64,0,278.665,11.81,8.835,8178
12,PointNet,ShapeNet,2,64,0,278.365,PointNet,ShapeNet,2,64,1,274.42,6.316,4.848,7448
13,PointNet,ShapeNet,2,64,1,266.325,PointNet,ShapeNet,2,64,1,267.582,6.616,4.863,6674
14,PointNet,ShapeNet,2,64,0,269.22,PointNet,ShapeNet,2,128,0,262.069,11.508,8.769,10432
15,PointNet,ShapeNet,2,64,0,281.396,PointNet,ShapeNet,2,128,1,263.662,7.042,5.085,8630
16,PointNet,ShapeNet,2,64,1,273.794,PointNet,ShapeNet,2,128,0,263.085,6.015,4.908,9670
17,PointNet,ShapeNet,2,64,1,279.129,PointNet,ShapeNet,2,128,1,279.293,6.8,5.077,7872
18,PointNet,ShapeNet,2,128,0,257.656,PointNet,ShapeNet,2,128,0,268.464,7.58,6.377,12698
19,PointNet,ShapeNet,2,128,0,265.677,PointNet,ShapeNet,2,128,1,260.473,6.731,5.119,10884
20,PointNet,ShapeNet,2,128,1,268.676,PointNet,ShapeNet,2,128,1,265.979,6.219,5.315,9152
0,ResNet18,CIFAR-10,2,32,0,1837.696,PointNet,ShapeNet,2,32,0,260.973,31.779,11.789,5450
1,ResNet18,CIFAR-10,2,32,0,1823.349,PointNet,ShapeNet,2,32,1,255.807,29.629,9.99,5082
2,ResNet18,CIFAR-10,2,32,1,1610.799,PointNet,ShapeNet,2,32,0,270.426,27.699,10.204,5446
3,ResNet18,CIFAR-10,2,32,1,1633.583,PointNet,ShapeNet,2,32,1,267.307,26.716,9.042,5080
4,ResNet18,CIFAR-10,2,32,0,1748.792,PointNet,ShapeNet,2,64,0,275.217,28.484,11.14,6370
5,ResNet18,CIFAR-10,2,32,0,1756.266,PointNet,ShapeNet,2,64,1,278.144,28.618,10.685,5668
6,ResNet18,CIFAR-10,2,32,1,1699.443,PointNet,ShapeNet,2,64,0,263.498,28.516,11.409,6394
7,ResNet18,CIFAR-10,2,32,1,1633.318,PointNet,ShapeNet,2,64,1,270.852,25.345,9.126,5690
8,ResNet18,CIFAR-10,2,32,0,1688.985,PointNet,ShapeNet,2,128,0,266.09,25.848,10.43,8616
9,ResNet18,CIFAR-10,2,32,0,1755.79,PointNet,ShapeNet,2,128,1,262.372,24.937,8.924,6898
10,ResNet18,CIFAR-10,2,32,1,1643.374,PointNet,ShapeNet,2,128,0,249.957,25.494,9.649,8600
11,ResNet18,CIFAR-10,2,32,1,1617.356,PointNet,ShapeNet,2,128,1,267.212,22.57,7.759,6886
12,ResNet18,CIFAR-10,2,64,0,3424.893,PointNet,ShapeNet,2,32,0,265.3,37.02,17.0,5590
13,ResNet18,CIFAR-10,2,64,0,3448.581,PointNet,ShapeNet,2,32,1,256.36,35.03,14.737,5154
14,ResNet18,CIFAR-10,2,64,1,3359.756,PointNet,ShapeNet,2,32,0,254.097,31.021,13.031,5440
15,ResNet18,CIFAR-10,2,64,1,3307.397,PointNet,ShapeNet,2,32,1,248.624,29.897,11.103,5058
16,ResNet18,CIFAR-10,2,64,0,3594.127,PointNet,ShapeNet,2,64,0,275.853,37.813,17.198,6512
17,ResNet18,CIFAR-10,2,64,0,3567.518,PointNet,ShapeNet,2,64,1,249.687,33.516,14.154,5782
18,ResNet18,CIFAR-10,2,64,1,3386.665,PointNet,ShapeNet,2,64,0,275.627,31.198,13.516,6386
19,ResNet18,CIFAR-10,2,64,1,3342.762,PointNet,ShapeNet,2,64,1,251.287,28.432,11.011,5684
20,ResNet18,CIFAR-10,2,64,0,3477.978,PointNet,ShapeNet,2,128,0,247.507,32.068,13.712,8646
21,ResNet18,CIFAR-10,2,64,0,3629.061,PointNet,ShapeNet,2,128,1,264.105,33.974,14.987,6940
22,ResNet18,CIFAR-10,2,64,1,3132.702,PointNet,ShapeNet,2,128,0,265.037,26.688,11.688,8696
23,ResNet18,CIFAR-10,2,64,1,3330.976,PointNet,ShapeNet,2,128,1,253.416,27.38,10.949,7068
24,ResNet18,CIFAR-10,2,128,0,6874.983,PointNet,ShapeNet,2,32,0,269.355,53.99,28.748,6742
25,ResNet18,CIFAR-10,2,128,0,6894.212,PointNet,ShapeNet,2,32,1,263.608,48.465,26.624,6374
26,ResNet18,CIFAR-10,2,128,1,6283.363,PointNet,ShapeNet,2,32,0,278.364,38.35,17.748,6744
27,ResNet18,CIFAR-10,2,128,1,6255.889,PointNet,ShapeNet,2,32,1,267.155,36.443,15.928,6224
28,ResNet18,CIFAR-10,2,128,0,6714.229,PointNet,ShapeNet,2,64,0,249.72,50.473,26.747,7626
29,ResNet18,CIFAR-10,2,128,0,6991.263,PointNet,ShapeNet,2,64,1,253.563,48.284,25.832,7016
30,ResNet18,CIFAR-10,2,128,1,6397.676,PointNet,ShapeNet,2,64,0,260.914,42.275,18.121,7566
31,ResNet18,CIFAR-10,2,128,1,6299.698,PointNet,ShapeNet,2,64,1,276.121,35.814,15.505,6926
32,ResNet18,CIFAR-10,2,128,0,6506.571,PointNet,ShapeNet,2,128,0,228.612,43.221,24.182,8846
33,ResNet18,CIFAR-10,2,128,0,6911.396,PointNet,ShapeNet,2,128,1,239.081,43.988,24.2,8190
34,ResNet18,CIFAR-10,2,128,1,6065.481,PointNet,ShapeNet,2,128,0,264.107,35.506,16.152,9944
35,ResNet18,CIFAR-10,2,128,1,6395.265,PointNet,ShapeNet,2,128,1,264.095,35.633,15.354,8130
36,MobileNetV2,CIFAR-10,2,32,0,1098.568,PointNet,ShapeNet,2,32,0,267.283,20.454,7.598,5410
37,MobileNetV2,CIFAR-10,2,32,0,1101.996,PointNet,ShapeNet,2,32,1,245.545,18.711,5.845,5042
38,MobileNetV2,CIFAR-10,2,32,1,1001.058,PointNet,ShapeNet,2,32,0,268.924,19.374,6.444,5350
39,MobileNetV2,CIFAR-10,2,32,1,988.897,PointNet,ShapeNet,2,32,1,266.805,18.141,4.879,4962
40,MobileNetV2,CIFAR-10,2,32,0,1104.885,PointNet,ShapeNet,2,64,0,263.627,19.944,7.82,6384
41,MobileNetV2,CIFAR-10,2,32,0,1114.276,PointNet,ShapeNet,2,64,1,272.558,16.989,5.538,5662
42,MobileNetV2,CIFAR-10,2,32,1,1006.494,PointNet,ShapeNet,2,64,0,272.39,19.396,7.121,6342
43,MobileNetV2,CIFAR-10,2,32,1,1034.083,PointNet,ShapeNet,2,64,1,276.696,16.644,4.276,5596
44,MobileNetV2,CIFAR-10,2,32,0,1108.377,PointNet,ShapeNet,2,128,0,266.223,18.403,7.143,8674
45,MobileNetV2,CIFAR-10,2,32,0,1134.383,PointNet,ShapeNet,2,128,1,264.564,16.407,6.247,6886
46,MobileNetV2,CIFAR-10,2,32,1,1009.794,PointNet,ShapeNet,2,128,0,249.183,16.663,5.855,8552
47,MobileNetV2,CIFAR-10,2,32,1,1016.478,PointNet,ShapeNet,2,128,1,257.454,15.542,4.253,6756
48,MobileNetV2,CIFAR-10,2,64,0,2320.223,PointNet,ShapeNet,2,32,0,268.547,28.093,13.062,5836
49,MobileNetV2,CIFAR-10,2,64,0,2171.788,PointNet,ShapeNet,2,32,1,271.036,25.804,11.247,5256
50,MobileNetV2,CIFAR-10,2,64,1,2045.14,PointNet,ShapeNet,2,32,0,261.09,24.547,9.4,5466
51,MobileNetV2,CIFAR-10,2,64,1,1950.866,PointNet,ShapeNet,2,32,1,245.903,19.526,6.211,5058
52,MobileNetV2,CIFAR-10,2,64,0,2274.141,PointNet,ShapeNet,2,64,0,267.602,25.407,12.231,6634
53,MobileNetV2,CIFAR-10,2,64,0,2276.572,PointNet,ShapeNet,2,64,1,270.762,23.947,10.642,5888
54,MobileNetV2,CIFAR-10,2,64,1,1971.596,PointNet,ShapeNet,2,64,0,280.275,20.989,8.215,6404
55,MobileNetV2,CIFAR-10,2,64,1,1989.806,PointNet,ShapeNet,2,64,1,274.86,20.213,6.966,5670
56,MobileNetV2,CIFAR-10,2,64,0,2181.205,PointNet,ShapeNet,2,128,0,248.557,23.169,11.217,8900
57,MobileNetV2,CIFAR-10,2,64,0,2260.626,PointNet,ShapeNet,2,128,1,259.581,23.247,9.753,7110
58,MobileNetV2,CIFAR-10,2,64,1,1958.728,PointNet,ShapeNet,2,128,0,265.666,20.354,8.405,8682
59,MobileNetV2,CIFAR-10,2,64,1,1995.539,PointNet,ShapeNet,2,128,1,265.998,17.38,6.456,6906
60,MobileNetV2,CIFAR-10,2,128,0,4355.383,PointNet,ShapeNet,2,32,0,273.946,38.709,23.087,6172
61,MobileNetV2,CIFAR-10,2,128,0,4459.312,PointNet,ShapeNet,2,32,1,263.872,38.544,22.252,5720
62,MobileNetV2,CIFAR-10,2,128,1,3977.504,PointNet,ShapeNet,2,32,0,276.158,31.284,13.863,5676
63,MobileNetV2,CIFAR-10,2,128,1,3923.203,PointNet,ShapeNet,2,32,1,266.904,29.96,12.333,5308
64,MobileNetV2,CIFAR-10,2,128,0,4368.565,PointNet,ShapeNet,2,64,0,255.234,38.054,22.344,7144
65,MobileNetV2,CIFAR-10,2,128,0,4303.248,PointNet,ShapeNet,2,64,1,269.874,36.333,21.151,6396
66,MobileNetV2,CIFAR-10,2,128,1,3985.672,PointNet,ShapeNet,2,64,0,257.497,29.713,13.347,6622
67,MobileNetV2,CIFAR-10,2,128,1,3985.268,PointNet,ShapeNet,2,64,1,276.662,28.042,12.095,5974
68,MobileNetV2,CIFAR-10,2,128,0,4276.603,PointNet,ShapeNet,2,128,0,266.59,36.654,21.481,9350
69,MobileNetV2,CIFAR-10,2,128,0,4382.984,PointNet,ShapeNet,2,128,1,260.557,33.531,19.778,7586
70,MobileNetV2,CIFAR-10,2,128,1,3775.168,PointNet,ShapeNet,2,128,0,267.778,26.954,12.644,8912
71,MobileNetV2,CIFAR-10,2,128,1,4046.08,PointNet,ShapeNet,2,128,1,263.638,26.635,11.435,7116
72,EfficientNetB0,CIFAR-10,2,32,0,944.839,PointNet,ShapeNet,2,32,0,258.247,18.299,4.897,5290
73,EfficientNetB0,CIFAR-10,2,32,0,898.579,PointNet,ShapeNet,2,32,1,269.748,16.619,3.773,4898
74,EfficientNetB0,CIFAR-10,2,32,1,830.554,PointNet,ShapeNet,2,32,0,251.057,18.814,5.608,5260
75,EfficientNetB0,CIFAR-10,2,32,1,832.31,PointNet,ShapeNet,2,32,1,267.007,16.979,3.463,4892
76,EfficientNetB0,CIFAR-10,2,32,0,919.315,PointNet,ShapeNet,2,64,0,270.864,18.923,6.791,6262
77,EfficientNetB0,CIFAR-10,2,32,0,933.142,PointNet,ShapeNet,2,64,1,269.731,15.056,3.303,5518
78,EfficientNetB0,CIFAR-10,2,32,1,856.584,PointNet,ShapeNet,2,64,0,267.079,18.088,5.198,6208
79,EfficientNetB0,CIFAR-10,2,32,1,861.431,PointNet,ShapeNet,2,64,1,276.454,17.169,4.258,5668
80,EfficientNetB0,CIFAR-10,2,32,0,933.709,PointNet,ShapeNet,2,128,0,254.217,15.877,5.222,8494
81,EfficientNetB0,CIFAR-10,2,32,0,954.681,PointNet,ShapeNet,2,128,1,263.099,15.026,3.429,6712
82,EfficientNetB0,CIFAR-10,2,32,1,842.88,PointNet,ShapeNet,2,128,0,266.47,15.61,4.234,8474
83,EfficientNetB0,CIFAR-10,2,32,1,859.459,PointNet,ShapeNet,2,128,1,267.836,15.182,2.649,6776
84,EfficientNetB0,CIFAR-10,2,64,0,1827.516,PointNet,ShapeNet,2,32,0,249.762,19.701,5.103,5410
85,EfficientNetB0,CIFAR-10,2,64,0,1829.741,PointNet,ShapeNet,2,32,1,271.706,17.832,3.926,5034
86,EfficientNetB0,CIFAR-10,2,64,1,1681.731,PointNet,ShapeNet,2,32,0,263.146,20.204,5.742,5308
87,EfficientNetB0,CIFAR-10,2,64,1,1697.357,PointNet,ShapeNet,2,32,1,255.431,17.691,3.526,4920
88,EfficientNetB0,CIFAR-10,2,64,0,1819.041,PointNet,ShapeNet,2,64,0,270.439,18.957,6.355,6286
89,EfficientNetB0,CIFAR-10,2,64,0,1874.272,PointNet,ShapeNet,2,64,1,255.07,18.069,4.529,5654
90,EfficientNetB0,CIFAR-10,2,64,1,1672.549,PointNet,ShapeNet,2,64,0,255.447,19.28,5.366,6286
91,EfficientNetB0,CIFAR-10,2,64,1,1712.145,PointNet,ShapeNet,2,64,1,270.722,18.286,4.549,5514
92,EfficientNetB0,CIFAR-10,2,64,0,1901.578,PointNet,ShapeNet,2,128,0,262.114,18.658,5.709,8562
93,EfficientNetB0,CIFAR-10,2,64,0,1850.351,PointNet,ShapeNet,2,128,1,252.201,17.84,4.48,6850
94,EfficientNetB0,CIFAR-10,2,64,1,1680.904,PointNet,ShapeNet,2,128,0,264.906,18.494,5.857,8506
95,EfficientNetB0,CIFAR-10,2,64,1,1712.338,PointNet,ShapeNet,2,128,1,266.512,16.507,4.253,6756
96,EfficientNetB0,CIFAR-10,2,128,0,3749.684,PointNet,ShapeNet,2,32,0,257.138,23.882,7.699,5820
97,EfficientNetB0,CIFAR-10,2,128,0,3763.222,PointNet,ShapeNet,2,32,1,267.033,22.629,6.371,5442
98,EfficientNetB0,CIFAR-10,2,128,1,3251.161,PointNet,ShapeNet,2,32,0,266.845,22.062,6.804,5494
99,EfficientNetB0,CIFAR-10,2,128,1,3341.094,PointNet,ShapeNet,2,32,1,272.973,20.211,4.674,5128
100,EfficientNetB0,CIFAR-10,2,128,0,3740.911,PointNet,ShapeNet,2,64,0,273.492,23.312,8.409,6704
101,EfficientNetB0,CIFAR-10,2,128,0,3759.699,PointNet,ShapeNet,2,64,1,269.867,22.593,7.319,6070
102,EfficientNetB0,CIFAR-10,2,128,1,3409.104,PointNet,ShapeNet,2,64,0,272.706,21.966,6.472,6380
103,EfficientNetB0,CIFAR-10,2,128,1,3376.053,PointNet,ShapeNet,2,64,1,255.19,20.297,5.11,5730
104,EfficientNetB0,CIFAR-10,2,128,0,3693.245,PointNet,ShapeNet,2,128,0,256.833,22.101,8.38,9162
105,EfficientNetB0,CIFAR-10,2,128,0,3711.506,PointNet,ShapeNet,2,128,1,257.912,20.056,6.718,7268
106,EfficientNetB0,CIFAR-10,2,128,1,3218.147,PointNet,ShapeNet,2,128,0,263.22,19.36,5.853,8634
107,EfficientNetB0,CIFAR-10,2,128,1,3246.852,PointNet,ShapeNet,2,128,1,272.159,18.62,5.114,6942
108,VGG,CIFAR-10,2,32,0,2715.011,PointNet,ShapeNet,2,32,0,274.718,30.337,10.253,6382
109,VGG,CIFAR-10,2,32,0,2915.562,PointNet,ShapeNet,2,32,1,249.504,30.32,8.876,6006
110,VGG,CIFAR-10,2,32,1,2544.038,PointNet,ShapeNet,2,32,0,260.164,27.4,9.505,6334
111,VGG,CIFAR-10,2,32,1,2557.217,PointNet,ShapeNet,2,32,1,272.149,25.773,7.66,6020
112,VGG,CIFAR-10,2,32,0,3363.211,PointNet,ShapeNet,2,64,0,273.215,36.57,12.57,7258
113,VGG,CIFAR-10,2,32,0,3335.39,PointNet,ShapeNet,2,64,1,260.937,33.14,10.011,6626
114,VGG,CIFAR-10,2,32,1,2671.886,PointNet,ShapeNet,2,64,0,261.457,28.449,10.034,7384
115,VGG,CIFAR-10,2,32,1,2775.487,PointNet,ShapeNet,2,64,1,267.188,28.326,9.067,6640
116,VGG,CIFAR-10,2,32,0,3120.376,PointNet,ShapeNet,2,128,0,262.277,32.025,11.025,9638
117,VGG,CIFAR-10,2,32,0,2983.155,PointNet,ShapeNet,2,128,1,265.862,27.067,8.293,7822
118,VGG,CIFAR-10,2,32,1,2560.173,PointNet,ShapeNet,2,128,0,251.753,26.976,10.084,9652
119,VGG,CIFAR-10,2,32,1,2597.331,PointNet,ShapeNet,2,128,1,262.272,23.753,7.584,7774
120,VGG,CIFAR-10,2,64,0,5419.79,PointNet,ShapeNet,2,32,0,246.117,32.697,12.323,6436
121,VGG,CIFAR-10,2,64,0,5935.262,PointNet,ShapeNet,2,32,1,249.37,33.866,11.649,6060
122,VGG,CIFAR-10,2,64,1,5148.474,PointNet,ShapeNet,2,32,0,242.217,29.68,10.134,5872
123,VGG,CIFAR-10,2,64,1,5226.79,PointNet,ShapeNet,2,32,1,276.541,29.226,9.29,6172
124,VGG,CIFAR-10,2,64,0,5859.804,PointNet,ShapeNet,2,64,0,245.062,34.022,13.066,7312
125,VGG,CIFAR-10,2,64,0,6270.794,PointNet,ShapeNet,2,64,1,266.911,33.685,12.551,6710
126,VGG,CIFAR-10,2,64,1,5244.054,PointNet,ShapeNet,2,64,0,274.378,30.236,11.382,6860
127,VGG,CIFAR-10,2,64,1,5411.589,PointNet,ShapeNet,2,64,1,258.636,28.747,9.648,7218
128,VGG,CIFAR-10,2,64,0,6109.753,PointNet,ShapeNet,2,128,0,238.39,32.413,12.467,9576
129,VGG,CIFAR-10,2,64,0,6374.368,PointNet,ShapeNet,2,128,1,243.569,32.346,11.938,7912
130,VGG,CIFAR-10,2,64,1,4986.631,PointNet,ShapeNet,2,128,0,246.454,27.082,10.027,9110
131,VGG,CIFAR-10,2,64,1,5243.005,PointNet,ShapeNet,2,128,1,244.246,25.456,8.937,7312
132,VGG,CIFAR-10,2,128,0,12397.12,PointNet,ShapeNet,2,32,0,259.557,43.0,19.412,6586
133,VGG,CIFAR-10,2,128,0,11877.74,PointNet,ShapeNet,2,32,1,256.027,40.804,16.629,6218
134,VGG,CIFAR-10,2,128,1,9558.531,PointNet,ShapeNet,2,32,0,276.352,31.105,11.516,6336
135,VGG,CIFAR-10,2,128,1,10532.411,PointNet,ShapeNet,2,32,1,262.586,33.882,11.624,6370
136,VGG,CIFAR-10,2,128,0,10628.898,PointNet,ShapeNet,2,64,0,260.316,36.132,16.187,7596
137,VGG,CIFAR-10,2,128,0,11543.743,PointNet,ShapeNet,2,64,1,260.265,38.368,16.736,6838
138,VGG,CIFAR-10,2,128,1,10013.039,PointNet,ShapeNet,2,64,0,271.34,32.824,12.976,6664
139,VGG,CIFAR-10,2,128,1,10228.781,PointNet,ShapeNet,2,64,1,254.152,30.865,11.101,6810
140,VGG,CIFAR-10,2,128,0,11361.079,PointNet,ShapeNet,2,128,0,231.728,35.117,15.506,9850
141,VGG,CIFAR-10,2,128,0,11046.956,PointNet,ShapeNet,2,128,1,257.256,32.753,14.208,8112
142,VGG,CIFAR-10,2,128,1,10264.869,PointNet,ShapeNet,2,128,0,262.323,28.924,11.987,9732
143,VGG,CIFAR-10,2,128,1,10208.818,PointNet,ShapeNet,2,128,1,255.915,27.797,9.456,6954
0,ResNet18,CIFAR-10,2,32,0,1735.412,ResNet18,CIFAR-10,2,32,0,1751.004,45.99,15.545,4700
1,ResNet18,CIFAR-10,2,32,0,1720.697,ResNet18,CIFAR-10,2,32,1,1591.89,43.753,13.32,4702
2,ResNet18,CIFAR-10,2,32,1,1581.944,ResNet18,CIFAR-10,2,32,1,1609.117,42.165,13.0,4690
3,ResNet18,CIFAR-10,2,32,0,1722.427,ResNet18,CIFAR-10,2,64,0,3465.305,53.743,21.238,4798
4,ResNet18,CIFAR-10,2,32,0,1743.121,ResNet18,CIFAR-10,2,64,1,3256.926,47.856,16.66,4738
5,ResNet18,CIFAR-10,2,32,1,1607.753,ResNet18,CIFAR-10,2,64,0,3468.419,50.211,19.789,4744
6,ResNet18,CIFAR-10,2,32,1,1596.066,ResNet18,CIFAR-10,2,64,1,3185.727,44.465,14.879,4684
7,ResNet18,CIFAR-10,2,32,0,1733.531,ResNet18,CIFAR-10,2,128,0,6663.575,63.883,32.155,6006
8,ResNet18,CIFAR-10,2,32,0,1724.851,ResNet18,CIFAR-10,2,128,1,6138.641,53.752,20.703,5882
9,ResNet18,CIFAR-10,2,32,1,1606.562,ResNet18,CIFAR-10,2,128,0,6689.889,62.554,30.416,5994
10,ResNet18,CIFAR-10,2,32,1,1604.551,ResNet18,CIFAR-10,2,128,1,6200.79,51.515,20.311,5928
11,ResNet18,CIFAR-10,2,64,0,3480.524,ResNet18,CIFAR-10,2,64,0,3466.602,60.133,25.105,4848
12,ResNet18,CIFAR-10,2,64,0,3454.766,ResNet18,CIFAR-10,2,64,1,3192.748,53.515,21.67,4798
13,ResNet18,CIFAR-10,2,64,1,3231.259,ResNet18,CIFAR-10,2,64,1,3198.031,48.697,20.101,4754
14,ResNet18,CIFAR-10,2,64,0,3416.809,ResNet18,CIFAR-10,2,128,0,6798.517,73.845,36.058,6074
15,ResNet18,CIFAR-10,2,64,0,3432.599,ResNet18,CIFAR-10,2,128,1,6041.301,59.782,26.168,5892
16,ResNet18,CIFAR-10,2,64,1,3127.158,ResNet18,CIFAR-10,2,128,0,6719.867,66.854,33.33,6030
17,ResNet18,CIFAR-10,2,64,1,3163.258,ResNet18,CIFAR-10,2,128,1,6189.638,57.714,24.61,6276
18,ResNet18,CIFAR-10,2,128,0,6482.845,ResNet18,CIFAR-10,2,128,0,6480.339,81.961,47.534,7298
19,ResNet18,CIFAR-10,2,128,0,6598.186,ResNet18,CIFAR-10,2,128,1,5950.418,72.869,36.071,6104
20,ResNet18,CIFAR-10,2,128,1,6006.936,ResNet18,CIFAR-10,2,128,1,6029.509,59.404,25.354,7210
21,ResNet18,CIFAR-10,2,32,0,1719.006,MobileNetV2,CIFAR-10,2,32,0,1083.308,37.374,11.323,4660
22,ResNet18,CIFAR-10,2,32,0,1732.501,MobileNetV2,CIFAR-10,2,32,1,967.549,36.366,8.832,4568
23,ResNet18,CIFAR-10,2,32,1,1642.276,MobileNetV2,CIFAR-10,2,32,0,1095.16,36.134,10.577,4662
24,ResNet18,CIFAR-10,2,32,1,1594.897,MobileNetV2,CIFAR-10,2,32,1,998.588,34.182,8.172,4582
25,ResNet18,CIFAR-10,2,32,0,1748.044,MobileNetV2,CIFAR-10,2,64,0,2141.164,43.162,15.323,4888
26,ResNet18,CIFAR-10,2,32,0,1714.628,MobileNetV2,CIFAR-10,2,64,1,1959.524,38.619,11.546,4682
27,ResNet18,CIFAR-10,2,32,1,1642.109,MobileNetV2,CIFAR-10,2,64,0,2236.089,41.257,15.386,4876
28,ResNet18,CIFAR-10,2,32,1,1621.402,MobileNetV2,CIFAR-10,2,64,1,2000.668,37.364,10.778,4670
29,ResNet18,CIFAR-10,2,32,0,1715.086,MobileNetV2,CIFAR-10,2,128,0,4289.651,53.889,26.949,5394
30,ResNet18,CIFAR-10,2,32,0,1717.315,MobileNetV2,CIFAR-10,2,128,1,3817.158,44.812,16.535,4932
31,ResNet18,CIFAR-10,2,32,1,1602.011,MobileNetV2,CIFAR-10,2,128,0,4247.4,51.922,25.243,5382
32,ResNet18,CIFAR-10,2,32,1,1642.558,MobileNetV2,CIFAR-10,2,128,1,3968.381,44.758,15.937,4920
33,ResNet18,CIFAR-10,2,64,0,3489.749,MobileNetV2,CIFAR-10,2,32,0,1092.678,43.089,16.059,4736
34,ResNet18,CIFAR-10,2,64,0,3499.632,MobileNetV2,CIFAR-10,2,32,1,979.486,43.299,14.536,4672
35,ResNet18,CIFAR-10,2,64,1,3200.705,MobileNetV2,CIFAR-10,2,32,0,1065.225,37.707,12.414,4656
36,ResNet18,CIFAR-10,2,64,1,3205.539,MobileNetV2,CIFAR-10,2,32,1,970.999,36.737,10.677,4592
37,ResNet18,CIFAR-10,2,64,0,3505.372,MobileNetV2,CIFAR-10,2,64,0,2191.054,49.514,21.343,4970
38,ResNet18,CIFAR-10,2,64,0,3484.297,MobileNetV2,CIFAR-10,2,64,1,1971.568,46.223,16.612,4790
39,ResNet18,CIFAR-10,2,64,1,3139.1,MobileNetV2,CIFAR-10,2,64,0,2192.843,42.752,17.089,4870
40,ResNet18,CIFAR-10,2,64,1,3187.99,MobileNetV2,CIFAR-10,2,64,1,2002.681,39.693,12.911,4664
41,ResNet18,CIFAR-10,2,64,0,3454.336,MobileNetV2,CIFAR-10,2,128,0,4287.363,60.657,31.648,5456
42,ResNet18,CIFAR-10,2,64,0,3514.143,MobileNetV2,CIFAR-10,2,128,1,3937.775,53.733,23.089,4984
43,ResNet18,CIFAR-10,2,64,1,3199.059,MobileNetV2,CIFAR-10,2,128,0,4323.838,55.181,27.79,5376
44,ResNet18,CIFAR-10,2,64,1,3179.283,MobileNetV2,CIFAR-10,2,128,1,3872.255,46.317,17.97,4908
45,ResNet18,CIFAR-10,2,128,0,6694.489,MobileNetV2,CIFAR-10,2,32,0,1084.858,57.448,28.505,4988
46,ResNet18,CIFAR-10,2,128,0,6758.984,MobileNetV2,CIFAR-10,2,32,1,948.473,58.097,25.631,4898
47,ResNet18,CIFAR-10,2,128,1,6096.903,MobileNetV2,CIFAR-10,2,32,0,1093.512,44.941,17.287,5896
48,ResNet18,CIFAR-10,2,128,1,6213.014,MobileNetV2,CIFAR-10,2,32,1,987.931,44.564,15.703,5830
49,ResNet18,CIFAR-10,2,128,0,6738.251,MobileNetV2,CIFAR-10,2,64,0,2151.474,63.495,32.162,6850
50,ResNet18,CIFAR-10,2,128,0,6699.466,MobileNetV2,CIFAR-10,2,64,1,1944.626,58.757,28.495,4918
51,ResNet18,CIFAR-10,2,128,1,6110.687,MobileNetV2,CIFAR-10,2,64,0,2127.529,51.838,23.076,6186
52,ResNet18,CIFAR-10,2,128,1,6069.054,MobileNetV2,CIFAR-10,2,64,1,1920.808,49.204,17.893,6226
53,ResNet18,CIFAR-10,2,128,0,6669.27,MobileNetV2,CIFAR-10,2,128,0,4231.457,73.913,42.068,6686
54,ResNet18,CIFAR-10,2,128,0,6694.728,MobileNetV2,CIFAR-10,2,128,1,3807.389,68.194,32.641,5256
55,ResNet18,CIFAR-10,2,128,1,5920.985,MobileNetV2,CIFAR-10,2,128,0,4263.181,68.352,32.876,6600
56,ResNet18,CIFAR-10,2,128,1,6142.347,MobileNetV2,CIFAR-10,2,128,1,3896.934,57.796,25.0,6178
57,ResNet18,CIFAR-10,2,32,0,1741.114,EfficientNetB0,CIFAR-10,2,32,0,905.477,35.98,8.505,4530
58,ResNet18,CIFAR-10,2,32,0,1732.567,EfficientNetB0,CIFAR-10,2,32,1,820.35,35.152,8.485,4508
59,ResNet18,CIFAR-10,2,32,1,1630.419,EfficientNetB0,CIFAR-10,2,32,0,906.715,34.343,7.091,4516
60,ResNet18,CIFAR-10,2,32,1,1627.286,EfficientNetB0,CIFAR-10,2,32,1,808.47,33.577,6.546,4510
61,ResNet18,CIFAR-10,2,32,0,1748.534,EfficientNetB0,CIFAR-10,2,64,0,1832.603,38.0,9.901,4646
62,ResNet18,CIFAR-10,2,32,0,1731.184,EfficientNetB0,CIFAR-10,2,64,1,1646.061,36.446,8.089,4556
63,ResNet18,CIFAR-10,2,32,1,1602.669,EfficientNetB0,CIFAR-10,2,64,0,1822.154,34.584,7.792,4654
64,ResNet18,CIFAR-10,2,32,1,1617.434,EfficientNetB0,CIFAR-10,2,64,1,1595.676,34.392,7.278,4560
65,ResNet18,CIFAR-10,2,32,0,1748.003,EfficientNetB0,CIFAR-10,2,128,0,3536.61,40.233,12.0,5020
66,ResNet18,CIFAR-10,2,32,0,1747.56,EfficientNetB0,CIFAR-10,2,128,1,3226.892,38.058,9.33,4760
67,ResNet18,CIFAR-10,2,32,1,1605.45,EfficientNetB0,CIFAR-10,2,128,0,3568.234,38.792,10.604,5004
68,ResNet18,CIFAR-10,2,32,1,1604.54,EfficientNetB0,CIFAR-10,2,128,1,3183.797,35.131,7.869,4746
69,ResNet18,CIFAR-10,2,64,0,3451.713,EfficientNetB0,CIFAR-10,2,32,0,918.156,41.238,13.782,4596
70,ResNet18,CIFAR-10,2,64,0,3462.059,EfficientNetB0,CIFAR-10,2,32,1,810.267,41.097,13.524,4564
71,ResNet18,CIFAR-10,2,64,1,3218.763,EfficientNetB0,CIFAR-10,2,32,0,916.91,36.861,10.396,4550
72,ResNet18,CIFAR-10,2,64,1,3182.25,EfficientNetB0,CIFAR-10,2,32,1,830.417,36.242,9.535,4504
73,ResNet18,CIFAR-10,2,64,0,3469.287,EfficientNetB0,CIFAR-10,2,64,0,1778.586,42.327,14.935,4730
74,ResNet18,CIFAR-10,2,64,0,3456.736,EfficientNetB0,CIFAR-10,2,64,1,1643.555,41.586,13.394,4614
75,ResNet18,CIFAR-10,2,64,1,3214.414,EfficientNetB0,CIFAR-10,2,64,0,1798.063,37.188,10.198,4648
76,ResNet18,CIFAR-10,2,64,1,3242.737,EfficientNetB0,CIFAR-10,2,64,1,1603.234,36.822,10.208,4572
77,ResNet18,CIFAR-10,2,64,0,3465.043,EfficientNetB0,CIFAR-10,2,128,0,3573.125,45.812,15.564,5030
78,ResNet18,CIFAR-10,2,64,0,3450.142,EfficientNetB0,CIFAR-10,2,128,1,3131.888,43.058,14.66,4824
79,ResNet18,CIFAR-10,2,64,1,3250.503,EfficientNetB0,CIFAR-10,2,128,0,3553.814,41.119,13.307,5016
80,ResNet18,CIFAR-10,2,64,1,3154.524,EfficientNetB0,CIFAR-10,2,128,1,3221.356,38.01,10.465,4778
81,ResNet18,CIFAR-10,2,128,0,6874.601,EfficientNetB0,CIFAR-10,2,32,0,925.547,53.743,25.905,5820
82,ResNet18,CIFAR-10,2,128,0,6747.562,EfficientNetB0,CIFAR-10,2,32,1,829.559,53.911,25.03,4836
83,ResNet18,CIFAR-10,2,128,1,6275.973,EfficientNetB0,CIFAR-10,2,32,0,902.162,43.196,15.0,5746
84,ResNet18,CIFAR-10,2,128,1,6304.834,EfficientNetB0,CIFAR-10,2,32,1,814.01,42.918,14.784,5814
85,ResNet18,CIFAR-10,2,128,0,6840.518,EfficientNetB0,CIFAR-10,2,64,0,1870.824,56.552,26.905,5958
86,ResNet18,CIFAR-10,2,128,0,6814.06,EfficientNetB0,CIFAR-10,2,64,1,1630.799,55.676,26.019,5850
87,ResNet18,CIFAR-10,2,128,1,6189.404,EfficientNetB0,CIFAR-10,2,64,0,1813.781,44.361,15.093,5814
88,ResNet18,CIFAR-10,2,128,1,6198.273,EfficientNetB0,CIFAR-10,2,64,1,1646.886,43.556,14.323,5792
89,ResNet18,CIFAR-10,2,128,0,6926.411,EfficientNetB0,CIFAR-10,2,128,0,3617.474,60.796,29.563,5230
90,ResNet18,CIFAR-10,2,128,0,6805.168,EfficientNetB0,CIFAR-10,2,128,1,3229.288,57.879,26.283,6050
91,ResNet18,CIFAR-10,2,128,1,6194.225,EfficientNetB0,CIFAR-10,2,128,0,3520.867,47.98,17.545,6976
92,ResNet18,CIFAR-10,2,128,1,6253.535,EfficientNetB0,CIFAR-10,2,128,1,3156.42,44.089,15.406,5880
93,ResNet18,CIFAR-10,2,32,0,1707.935,VGG,CIFAR-10,2,32,0,2802.244,46.515,13.505,5638
94,ResNet18,CIFAR-10,2,32,0,1731.929,VGG,CIFAR-10,2,32,1,2514.972,43.586,13.141,5526
95,ResNet18,CIFAR-10,2,32,1,1605.794,VGG,CIFAR-10,2,32,0,2694.431,42.891,11.683,5626
96,ResNet18,CIFAR-10,2,32,1,1595.615,VGG,CIFAR-10,2,32,1,2549.368,42.029,12.095,5640
97,ResNet18,CIFAR-10,2,32,0,1728.099,VGG,CIFAR-10,2,64,0,5348.572,47.79,16.114,5678
98,ResNet18,CIFAR-10,2,32,0,1727.496,VGG,CIFAR-10,2,64,1,4895.025,45.327,13.95,5110
99,ResNet18,CIFAR-10,2,32,1,1595.215,VGG,CIFAR-10,2,64,0,5263.758,46.282,14.913,5520
100,ResNet18,CIFAR-10,2,32,1,1572.914,VGG,CIFAR-10,2,64,1,4920.709,42.204,12.282,5794
101,ResNet18,CIFAR-10,2,32,0,1728.646,VGG,CIFAR-10,2,128,0,10588.885,52.874,19.757,5850
102,ResNet18,CIFAR-10,2,32,0,1726.036,VGG,CIFAR-10,2,128,1,9534.933,47.376,15.099,4770
103,ResNet18,CIFAR-10,2,32,1,1592.445,VGG,CIFAR-10,2,128,0,10724.371,50.919,18.626,5844
104,ResNet18,CIFAR-10,2,32,1,1597.866,VGG,CIFAR-10,2,128,1,9569.216,46.526,15.392,5842
105,ResNet18,CIFAR-10,2,64,0,3467.791,VGG,CIFAR-10,2,32,0,2773.144,52.634,18.277,5680
106,ResNet18,CIFAR-10,2,64,0,3405.919,VGG,CIFAR-10,2,32,1,2521.271,49.909,17.869,5578
107,ResNet18,CIFAR-10,2,64,1,3147.785,VGG,CIFAR-10,2,32,0,2709.043,46.253,14.535,5620
108,ResNet18,CIFAR-10,2,64,1,3221.558,VGG,CIFAR-10,2,32,1,2513.373,45.01,14.929,5542
109,ResNet18,CIFAR-10,2,64,0,3426.97,VGG,CIFAR-10,2,64,0,5354.915,54.364,21.061,5734
110,ResNet18,CIFAR-10,2,64,0,3434.638,VGG,CIFAR-10,2,64,1,4807.218,50.0,18.747,5194
111,ResNet18,CIFAR-10,2,64,1,3164.602,VGG,CIFAR-10,2,64,0,5422.881,49.155,17.722,4700
112,ResNet18,CIFAR-10,2,64,1,3212.716,VGG,CIFAR-10,2,64,1,5013.804,46.178,15.564,5092
113,ResNet18,CIFAR-10,2,64,0,3436.727,VGG,CIFAR-10,2,128,0,10704.376,60.158,26.228,5908
114,ResNet18,CIFAR-10,2,64,0,3414.346,VGG,CIFAR-10,2,128,1,9644.534,54.208,20.96,4812
115,ResNet18,CIFAR-10,2,64,1,3113.212,VGG,CIFAR-10,2,128,0,10567.758,53.738,21.039,5832
116,ResNet18,CIFAR-10,2,64,1,3188.163,VGG,CIFAR-10,2,128,1,9550.423,49.152,17.354,5882
117,ResNet18,CIFAR-10,2,128,0,6744.987,VGG,CIFAR-10,2,32,0,2746.235,65.238,30.943,6930
118,ResNet18,CIFAR-10,2,128,0,6630.239,VGG,CIFAR-10,2,32,1,2482.484,61.05,29.109,6366
119,ResNet18,CIFAR-10,2,128,1,6196.767,VGG,CIFAR-10,2,32,0,2904.67,55.641,20.252,6854
120,ResNet18,CIFAR-10,2,128,1,6158.558,VGG,CIFAR-10,2,32,1,2552.952,50.838,18.545,6834
121,ResNet18,CIFAR-10,2,128,0,6752.557,VGG,CIFAR-10,2,64,0,5384.527,67.806,33.175,6984
122,ResNet18,CIFAR-10,2,128,0,6740.968,VGG,CIFAR-10,2,64,1,4774.37,65.41,29.724,6426
123,ResNet18,CIFAR-10,2,128,1,6011.519,VGG,CIFAR-10,2,64,0,5166.011,54.109,20.376,5982
124,ResNet18,CIFAR-10,2,128,1,6326.729,VGG,CIFAR-10,2,64,1,5027.011,54.981,21.184,6420
125,ResNet18,CIFAR-10,2,128,0,6660.14,VGG,CIFAR-10,2,128,0,10638.522,74.158,36.228,6164
126,ResNet18,CIFAR-10,2,128,0,6583.534,VGG,CIFAR-10,2,128,1,9397.184,66.485,31.909,6182
127,ResNet18,CIFAR-10,2,128,1,6098.771,VGG,CIFAR-10,2,128,0,10587.326,62.109,27.109,6360
128,ResNet18,CIFAR-10,2,128,1,6203.135,VGG,CIFAR-10,2,128,1,9361.647,55.495,21.777,7146
129,MobileNetV2,CIFAR-10,2,32,0,987.717,MobileNetV2,CIFAR-10,2,32,0,975.719,27.392,6.505,4634
130,MobileNetV2,CIFAR-10,2,32,0,1040.9,MobileNetV2,CIFAR-10,2,32,1,900.097,27.621,5.663,4600
131,MobileNetV2,CIFAR-10,2,32,1,878.426,MobileNetV2,CIFAR-10,2,32,1,887.881,25.453,3.632,4498
132,MobileNetV2,CIFAR-10,2,32,0,986.148,MobileNetV2,CIFAR-10,2,64,0,1993.264,33.194,11.151,4852
133,MobileNetV2,CIFAR-10,2,32,0,971.397,MobileNetV2,CIFAR-10,2,64,1,1737.905,28.568,6.874,4642
134,MobileNetV2,CIFAR-10,2,32,1,881.657,MobileNetV2,CIFAR-10,2,64,0,1969.773,31.667,9.387,4780
135,MobileNetV2,CIFAR-10,2,32,1,889.323,MobileNetV2,CIFAR-10,2,64,1,1796.913,28.516,5.505,4562
136,MobileNetV2,CIFAR-10,2,32,0,1024.137,MobileNetV2,CIFAR-10,2,128,0,3911.408,42.881,20.911,5354
137,MobileNetV2,CIFAR-10,2,32,0,965.049,MobileNetV2,CIFAR-10,2,128,1,3560.596,35.0,11.804,4892
138,MobileNetV2,CIFAR-10,2,32,1,935.771,MobileNetV2,CIFAR-10,2,128,0,3980.124,42.099,19.653,5290
139,MobileNetV2,CIFAR-10,2,32,1,926.236,MobileNetV2,CIFAR-10,2,128,1,3547.554,35.269,10.688,4838
140,MobileNetV2,CIFAR-10,2,64,0,2073.884,MobileNetV2,CIFAR-10,2,64,0,2009.167,38.111,15.97,5102
141,MobileNetV2,CIFAR-10,2,64,0,1982.975,MobileNetV2,CIFAR-10,2,64,1,1779.942,34.111,11.566,4892
142,MobileNetV2,CIFAR-10,2,64,1,1781.053,MobileNetV2,CIFAR-10,2,64,1,1791.045,30.989,7.774,4650
143,MobileNetV2,CIFAR-10,2,64,0,1982.103,MobileNetV2,CIFAR-10,2,128,0,3876.567,47.525,24.99,5560
144,MobileNetV2,CIFAR-10,2,64,0,1992.604,MobileNetV2,CIFAR-10,2,128,1,3596.947,40.303,16.707,5134
145,MobileNetV2,CIFAR-10,2,64,1,1915.941,MobileNetV2,CIFAR-10,2,128,0,4230.431,46.337,22.584,5362
146,MobileNetV2,CIFAR-10,2,64,1,1746.593,MobileNetV2,CIFAR-10,2,128,1,3522.365,36.516,12.474,4894
147,MobileNetV2,CIFAR-10,2,128,0,3808.138,MobileNetV2,CIFAR-10,2,128,0,3816.5,57.693,33.822,6074
148,MobileNetV2,CIFAR-10,2,128,0,4029.064,MobileNetV2,CIFAR-10,2,128,1,3563.871,52.772,26.911,5622
149,MobileNetV2,CIFAR-10,2,128,1,3611.848,MobileNetV2,CIFAR-10,2,128,1,3552.519,44.165,17.474,5230
150,MobileNetV2,CIFAR-10,2,32,0,1006.828,EfficientNetB0,CIFAR-10,2,32,0,815.427,25.495,4.011,4490
151,MobileNetV2,CIFAR-10,2,32,0,1034.303,EfficientNetB0,CIFAR-10,2,32,1,731.58,25.821,3.916,4482
152,MobileNetV2,CIFAR-10,2,32,1,925.256,EfficientNetB0,CIFAR-10,2,32,0,821.591,24.598,2.639,4410
153,MobileNetV2,CIFAR-10,2,32,1,921.413,EfficientNetB0,CIFAR-10,2,32,1,729.024,24.454,2.474,4418
154,MobileNetV2,CIFAR-10,2,32,0,1014.793,EfficientNetB0,CIFAR-10,2,64,0,1628.018,27.814,4.856,4626
155,MobileNetV2,CIFAR-10,2,32,0,1037.178,EfficientNetB0,CIFAR-10,2,64,1,1476.274,26.608,4.227,4532
156,MobileNetV2,CIFAR-10,2,32,1,907.351,EfficientNetB0,CIFAR-10,2,64,0,1624.203,26.863,3.074,4542
157,MobileNetV2,CIFAR-10,2,32,1,912.305,EfficientNetB0,CIFAR-10,2,64,1,1452.524,25.758,2.484,4464
158,MobileNetV2,CIFAR-10,2,32,0,1040.468,EfficientNetB0,CIFAR-10,2,128,0,3531.273,31.768,7.337,5034
159,MobileNetV2,CIFAR-10,2,32,0,1037.38,EfficientNetB0,CIFAR-10,2,128,1,2833.505,28.361,5.175,4718
160,MobileNetV2,CIFAR-10,2,32,1,911.09,EfficientNetB0,CIFAR-10,2,128,0,3160.179,29.398,5.376,4936
161,MobileNetV2,CIFAR-10,2,32,1,918.067,EfficientNetB0,CIFAR-10,2,128,1,2910.601,28.753,3.608,4656
162,MobileNetV2,CIFAR-10,2,64,0,2070.454,EfficientNetB0,CIFAR-10,2,32,0,811.429,32.2,8.947,4722
163,MobileNetV2,CIFAR-10,2,64,0,2005.043,EfficientNetB0,CIFAR-10,2,32,1,748.873,31.684,8.484,4700
164,MobileNetV2,CIFAR-10,2,64,1,1843.526,EfficientNetB0,CIFAR-10,2,32,0,828.989,28.075,4.71,4496
165,MobileNetV2,CIFAR-10,2,64,1,1843.92,EfficientNetB0,CIFAR-10,2,32,1,748.409,26.516,4.263,4490
166,MobileNetV2,CIFAR-10,2,64,0,2051.085,EfficientNetB0,CIFAR-10,2,64,0,1652.129,32.4,9.411,4840
167,MobileNetV2,CIFAR-10,2,64,0,1978.598,EfficientNetB0,CIFAR-10,2,64,1,1497.573,31.832,8.589,4748
168,MobileNetV2,CIFAR-10,2,64,1,1832.187,EfficientNetB0,CIFAR-10,2,64,0,1657.436,28.876,5.381,4634
169,MobileNetV2,CIFAR-10,2,64,1,1790.222,EfficientNetB0,CIFAR-10,2,64,1,1412.902,27.189,4.453,4520
170,MobileNetV2,CIFAR-10,2,64,0,2092.594,EfficientNetB0,CIFAR-10,2,128,0,3331.806,35.606,11.697,5284
171,MobileNetV2,CIFAR-10,2,64,0,2108.676,EfficientNetB0,CIFAR-10,2,128,1,3100.142,34.817,10.14,4932
172,MobileNetV2,CIFAR-10,2,64,1,1803.589,EfficientNetB0,CIFAR-10,2,128,0,3333.13,31.716,7.263,5032
173,MobileNetV2,CIFAR-10,2,64,1,1851.909,EfficientNetB0,CIFAR-10,2,128,1,3025.48,30.213,5.708,4726
174,MobileNetV2,CIFAR-10,2,128,0,4085.361,EfficientNetB0,CIFAR-10,2,32,0,849.792,40.939,18.838,5210
175,MobileNetV2,CIFAR-10,2,128,0,3925.117,EfficientNetB0,CIFAR-10,2,32,1,725.891,39.68,17.753,5204
176,MobileNetV2,CIFAR-10,2,128,1,3604.819,EfficientNetB0,CIFAR-10,2,32,0,861.347,33.918,9.629,4818
177,MobileNetV2,CIFAR-10,2,128,1,3623.86,EfficientNetB0,CIFAR-10,2,32,1,736.041,33.667,9.204,4752
178,MobileNetV2,CIFAR-10,2,128,0,3828.376,EfficientNetB0,CIFAR-10,2,64,0,1604.415,41.228,18.208,5346
179,MobileNetV2,CIFAR-10,2,128,0,3855.084,EfficientNetB0,CIFAR-10,2,64,1,1494.213,40.701,17.959,5252
180,MobileNetV2,CIFAR-10,2,128,1,3514.115,EfficientNetB0,CIFAR-10,2,64,0,1640.056,34.968,10.189,4954
181,MobileNetV2,CIFAR-10,2,128,1,3731.048,EfficientNetB0,CIFAR-10,2,64,1,1538.122,35.546,9.649,4860
182,MobileNetV2,CIFAR-10,2,128,0,3901.446,EfficientNetB0,CIFAR-10,2,128,0,3155.824,45.196,20.845,5814
183,MobileNetV2,CIFAR-10,2,128,0,3976.772,EfficientNetB0,CIFAR-10,2,128,1,2862.675,42.267,18.96,5438
184,MobileNetV2,CIFAR-10,2,128,1,3883.232,EfficientNetB0,CIFAR-10,2,128,0,3493.351,39.525,13.192,5238
185,MobileNetV2,CIFAR-10,2,128,1,3598.245,EfficientNetB0,CIFAR-10,2,128,1,2884.993,36.907,10.629,5046
186,MobileNetV2,CIFAR-10,2,32,0,1125.58,VGG,CIFAR-10,2,32,0,2736.321,38.158,10.277,5598
187,MobileNetV2,CIFAR-10,2,32,0,1105.462,VGG,CIFAR-10,2,32,1,2579.751,35.869,9.394,5632
188,MobileNetV2,CIFAR-10,2,32,1,1003.288,VGG,CIFAR-10,2,32,0,2735.084,37.198,8.426,5534
189,MobileNetV2,CIFAR-10,2,32,1,1025.754,VGG,CIFAR-10,2,32,1,2523.126,35.228,7.465,5532
190,MobileNetV2,CIFAR-10,2,32,0,1090.875,VGG,CIFAR-10,2,64,0,5352.991,40.303,12.172,5566
191,MobileNetV2,CIFAR-10,2,32,0,1065.775,VGG,CIFAR-10,2,64,1,5040.419,36.879,10.242,5088
192,MobileNetV2,CIFAR-10,2,32,1,986.807,VGG,CIFAR-10,2,64,0,5487.735,39.398,10.495,4536
193,MobileNetV2,CIFAR-10,2,32,1,984.841,VGG,CIFAR-10,2,64,1,4960.366,36.596,8.606,5020
194,MobileNetV2,CIFAR-10,2,32,0,1065.273,VGG,CIFAR-10,2,128,0,10603.001,45.029,17.524,5882
195,MobileNetV2,CIFAR-10,2,32,0,1096.899,VGG,CIFAR-10,2,128,1,9616.069,39.446,11.921,5880
196,MobileNetV2,CIFAR-10,2,32,1,980.29,VGG,CIFAR-10,2,128,0,10353.98,43.68,15.049,5730
197,MobileNetV2,CIFAR-10,2,32,1,998.983,VGG,CIFAR-10,2,128,1,9654.925,38.456,10.34,4730
198,MobileNetV2,CIFAR-10,2,64,0,2148.668,VGG,CIFAR-10,2,32,0,2726.804,42.505,14.644,5812
199,MobileNetV2,CIFAR-10,2,64,0,2147.034,VGG,CIFAR-10,2,32,1,2513.831,40.337,13.95,5810
200,MobileNetV2,CIFAR-10,2,64,1,1978.793,VGG,CIFAR-10,2,32,0,2717.981,39.263,10.535,5606
201,MobileNetV2,CIFAR-10,2,64,1,1947.367,VGG,CIFAR-10,2,32,1,2552.844,36.121,9.394,5560
202,MobileNetV2,CIFAR-10,2,64,0,2167.946,VGG,CIFAR-10,2,64,0,5282.637,45.223,17.466,4828
203,MobileNetV2,CIFAR-10,2,64,0,2183.713,VGG,CIFAR-10,2,64,1,4798.025,41.524,14.933,5284
204,MobileNetV2,CIFAR-10,2,64,1,1955.392,VGG,CIFAR-10,2,64,0,5241.356,40.919,12.141,5660
205,MobileNetV2,CIFAR-10,2,64,1,1960.541,VGG,CIFAR-10,2,64,1,5040.308,38.631,10.515,5078
206,MobileNetV2,CIFAR-10,2,64,0,2101.22,VGG,CIFAR-10,2,128,0,10503.269,49.214,21.272,6024
207,MobileNetV2,CIFAR-10,2,64,0,2153.801,VGG,CIFAR-10,2,128,1,9752.226,45.903,17.757,5140
208,MobileNetV2,CIFAR-10,2,64,1,1918.811,VGG,CIFAR-10,2,128,0,10264.33,44.767,16.398,5832
209,MobileNetV2,CIFAR-10,2,64,1,1971.743,VGG,CIFAR-10,2,128,1,9322.584,39.626,12.081,5942
210,MobileNetV2,CIFAR-10,2,128,0,4310.498,VGG,CIFAR-10,2,32,0,2704.341,53.223,25.146,6318
211,MobileNetV2,CIFAR-10,2,128,0,4462.741,VGG,CIFAR-10,2,32,1,2562.799,54.124,25.943,6216
212,MobileNetV2,CIFAR-10,2,128,1,3854.517,VGG,CIFAR-10,2,32,0,2728.772,45.089,14.941,5866
213,MobileNetV2,CIFAR-10,2,128,1,3867.991,VGG,CIFAR-10,2,32,1,2553.427,43.845,14.903,5940
214,MobileNetV2,CIFAR-10,2,128,0,4269.414,VGG,CIFAR-10,2,64,0,5320.274,57.971,28.602,6354
215,MobileNetV2,CIFAR-10,2,128,0,4300.717,VGG,CIFAR-10,2,64,1,4852.225,53.621,25.631,5790
216,MobileNetV2,CIFAR-10,2,128,1,3934.206,VGG,CIFAR-10,2,64,0,5278.225,49.069,17.624,5980
217,MobileNetV2,CIFAR-10,2,128,1,3850.708,VGG,CIFAR-10,2,64,1,4856.597,44.465,15.909,5554
218,MobileNetV2,CIFAR-10,2,128,0,4242.761,VGG,CIFAR-10,2,128,0,10334.519,60.822,31.416,6530
219,MobileNetV2,CIFAR-10,2,128,0,4214.165,VGG,CIFAR-10,2,128,1,9665.759,58.076,28.762,6544
220,MobileNetV2,CIFAR-10,2,128,1,3845.804,VGG,CIFAR-10,2,128,0,10201.8,52.534,22.155,6078
221,MobileNetV2,CIFAR-10,2,128,1,3835.633,VGG,CIFAR-10,2,128,1,9915.582,50.277,18.594,6080
222,EfficientNetB0,CIFAR-10,2,32,0,853.85,EfficientNetB0,CIFAR-10,2,32,0,831.162,23.804,1.474,4346
223,EfficientNetB0,CIFAR-10,2,32,0,835.353,EfficientNetB0,CIFAR-10,2,32,1,747.522,23.237,1.344,4340
224,EfficientNetB0,CIFAR-10,2,32,1,747.115,EfficientNetB0,CIFAR-10,2,32,1,744.397,23.182,1.192,4330
225,EfficientNetB0,CIFAR-10,2,32,0,854.803,EfficientNetB0,CIFAR-10,2,64,0,1692.767,25.263,2.284,4482
226,EfficientNetB0,CIFAR-10,2,32,0,828.42,EfficientNetB0,CIFAR-10,2,64,1,1513.821,24.227,1.577,4370
227,EfficientNetB0,CIFAR-10,2,32,1,746.821,EfficientNetB0,CIFAR-10,2,64,0,1707.79,25.371,2.227,4474
228,EfficientNetB0,CIFAR-10,2,32,1,743.558,EfficientNetB0,CIFAR-10,2,64,1,1493.904,23.6,1.474,4382
229,EfficientNetB0,CIFAR-10,2,32,0,837.723,EfficientNetB0,CIFAR-10,2,128,0,3380.534,28.242,4.333,4878
230,EfficientNetB0,CIFAR-10,2,32,0,846.739,EfficientNetB0,CIFAR-10,2,128,1,2849.304,26.242,2.516,4574
231,EfficientNetB0,CIFAR-10,2,32,1,743.16,EfficientNetB0,CIFAR-10,2,128,0,3398.113,29.158,4.116,4860
232,EfficientNetB0,CIFAR-10,2,32,1,762.474,EfficientNetB0,CIFAR-10,2,128,1,3032.383,25.402,2.392,4566
233,EfficientNetB0,CIFAR-10,2,64,0,1719.021,EfficientNetB0,CIFAR-10,2,64,0,1666.138,26.937,3.095,4618
234,EfficientNetB0,CIFAR-10,2,64,0,1706.803,EfficientNetB0,CIFAR-10,2,64,1,1534.642,26.619,2.392,4486
235,EfficientNetB0,CIFAR-10,2,64,1,1475.153,EfficientNetB0,CIFAR-10,2,64,1,1493.295,25.0,1.804,4410
236,EfficientNetB0,CIFAR-10,2,64,0,1735.555,EfficientNetB0,CIFAR-10,2,128,0,3409.945,30.653,5.263,4946
237,EfficientNetB0,CIFAR-10,2,64,0,1763.328,EfficientNetB0,CIFAR-10,2,128,1,3192.959,28.832,3.558,4710
238,EfficientNetB0,CIFAR-10,2,64,1,1550.21,EfficientNetB0,CIFAR-10,2,128,0,3403.184,29.969,4.845,4990
239,EfficientNetB0,CIFAR-10,2,64,1,1527.901,EfficientNetB0,CIFAR-10,2,128,1,3062.899,27.374,2.818,4600
240,EfficientNetB0,CIFAR-10,2,128,0,3475.948,EfficientNetB0,CIFAR-10,2,128,0,3451.862,33.619,7.474,5546
241,EfficientNetB0,CIFAR-10,2,128,0,3434.508,EfficientNetB0,CIFAR-10,2,128,1,3061.526,32.116,5.747,5018
242,EfficientNetB0,CIFAR-10,2,128,1,3082.621,EfficientNetB0,CIFAR-10,2,128,1,3079.289,30.063,3.905,4802
243,EfficientNetB0,CIFAR-10,2,32,0,908.483,VGG,CIFAR-10,2,32,0,2722.356,35.588,6.351,5452
244,EfficientNetB0,CIFAR-10,2,32,0,902.842,VGG,CIFAR-10,2,32,1,2601.82,33.818,6.354,5384
245,EfficientNetB0,CIFAR-10,2,32,1,811.832,VGG,CIFAR-10,2,32,0,2728.838,35.798,6.758,5446
246,EfficientNetB0,CIFAR-10,2,32,1,805.018,VGG,CIFAR-10,2,32,1,2552.619,33.905,6.463,5462
247,EfficientNetB0,CIFAR-10,2,32,0,889.685,VGG,CIFAR-10,2,64,0,5356.637,37.222,9.242,5506
248,EfficientNetB0,CIFAR-10,2,32,0,892.65,VGG,CIFAR-10,2,64,1,4897.469,34.96,8.0,4926
249,EfficientNetB0,CIFAR-10,2,32,1,797.983,VGG,CIFAR-10,2,64,0,5380.516,37.768,9.253,5500
250,EfficientNetB0,CIFAR-10,2,32,1,804.727,VGG,CIFAR-10,2,64,1,4801.967,34.392,6.722,4918
251,EfficientNetB0,CIFAR-10,2,32,0,909.174,VGG,CIFAR-10,2,128,0,10586.655,42.466,13.757,5666
252,EfficientNetB0,CIFAR-10,2,32,0,898.637,VGG,CIFAR-10,2,128,1,9495.368,36.718,8.495,5680
253,EfficientNetB0,CIFAR-10,2,32,1,813.285,VGG,CIFAR-10,2,128,0,10183.124,41.426,13.366,5762
254,EfficientNetB0,CIFAR-10,2,32,1,796.684,VGG,CIFAR-10,2,128,1,9615.119,37.283,8.354,5662
255,EfficientNetB0,CIFAR-10,2,64,0,1790.464,VGG,CIFAR-10,2,32,0,2767.019,37.04,7.253,5590
256,EfficientNetB0,CIFAR-10,2,64,0,1758.0,VGG,CIFAR-10,2,32,1,2494.726,35.021,7.392,5604
257,EfficientNetB0,CIFAR-10,2,64,1,1602.682,VGG,CIFAR-10,2,32,0,2743.346,36.343,6.949,5480
258,EfficientNetB0,CIFAR-10,2,64,1,1633.938,VGG,CIFAR-10,2,32,1,2586.723,34.283,6.394,5510
259,EfficientNetB0,CIFAR-10,2,64,0,1767.485,VGG,CIFAR-10,2,64,0,5308.991,38.842,10.168,5644
260,EfficientNetB0,CIFAR-10,2,64,0,1781.957,VGG,CIFAR-10,2,64,1,4991.337,36.586,8.414,5080
261,EfficientNetB0,CIFAR-10,2,64,1,1591.013,VGG,CIFAR-10,2,64,0,5371.524,39.505,10.079,4508
262,EfficientNetB0,CIFAR-10,2,64,1,1647.353,VGG,CIFAR-10,2,64,1,4950.045,35.604,7.762,5532
263,EfficientNetB0,CIFAR-10,2,64,0,1768.392,VGG,CIFAR-10,2,128,0,10623.959,43.2,14.838,4694
264,EfficientNetB0,CIFAR-10,2,64,0,1809.203,VGG,CIFAR-10,2,128,1,9414.2,38.583,9.816,5806
265,EfficientNetB0,CIFAR-10,2,64,1,1658.162,VGG,CIFAR-10,2,128,0,10482.073,42.248,13.648,5724
266,EfficientNetB0,CIFAR-10,2,64,1,1641.135,VGG,CIFAR-10,2,128,1,9790.416,39.588,9.825,5712
267,EfficientNetB0,CIFAR-10,2,128,0,3592.886,VGG,CIFAR-10,2,32,0,2725.916,39.832,9.545,5974
268,EfficientNetB0,CIFAR-10,2,128,0,3574.537,VGG,CIFAR-10,2,32,1,2568.65,37.616,9.061,5972
269,EfficientNetB0,CIFAR-10,2,128,1,3198.192,VGG,CIFAR-10,2,32,0,2714.668,37.212,7.929,5682
270,EfficientNetB0,CIFAR-10,2,128,1,3341.533,VGG,CIFAR-10,2,32,1,2526.02,35.816,7.369,5524
271,EfficientNetB0,CIFAR-10,2,128,0,3462.833,VGG,CIFAR-10,2,64,0,5331.537,41.747,12.293,5168
272,EfficientNetB0,CIFAR-10,2,128,0,3584.25,VGG,CIFAR-10,2,64,1,4882.519,39.202,10.596,6220
273,EfficientNetB0,CIFAR-10,2,128,1,3220.376,VGG,CIFAR-10,2,64,0,5318.878,39.802,10.129,5736
274,EfficientNetB0,CIFAR-10,2,128,1,3187.604,VGG,CIFAR-10,2,64,1,4828.747,35.614,7.782,6272
275,EfficientNetB0,CIFAR-10,2,128,0,3620.387,VGG,CIFAR-10,2,128,0,10485.304,46.057,16.762,6280
276,EfficientNetB0,CIFAR-10,2,128,0,3499.658,VGG,CIFAR-10,2,128,1,9567.257,41.703,12.337,6204
277,EfficientNetB0,CIFAR-10,2,128,1,3197.305,VGG,CIFAR-10,2,128,0,10449.766,44.33,14.932,5894
278,EfficientNetB0,CIFAR-10,2,128,1,3295.845,VGG,CIFAR-10,2,128,1,9454.514,40.495,10.337,5916
279,VGG,CIFAR-10,2,32,0,2751.544,VGG,CIFAR-10,2,32,0,2733.499,46.121,11.953,6562
280,VGG,CIFAR-10,2,32,0,2719.924,VGG,CIFAR-10,2,32,1,2546.63,44.049,11.893,6480
281,VGG,CIFAR-10,2,32,1,2541.99,VGG,CIFAR-10,2,32,1,2518.13,42.347,11.129,6590
282,VGG,CIFAR-10,2,32,0,2808.35,VGG,CIFAR-10,2,64,0,5262.732,49.476,14.816,6616
283,VGG,CIFAR-10,2,32,0,2783.565,VGG,CIFAR-10,2,64,1,4829.005,44.308,11.561,7170
284,VGG,CIFAR-10,2,32,1,2489.714,VGG,CIFAR-10,2,64,0,5331.373,46.01,13.733,6486
285,VGG,CIFAR-10,2,32,1,2561.861,VGG,CIFAR-10,2,64,1,4928.265,42.752,11.752,5664
286,VGG,CIFAR-10,2,32,0,2725.822,VGG,CIFAR-10,2,128,0,11111.585,54.545,19.564,6774
287,VGG,CIFAR-10,2,32,0,2876.601,VGG,CIFAR-10,2,128,1,9583.876,49.545,14.307,6796
288,VGG,CIFAR-10,2,32,1,2491.889,VGG,CIFAR-10,2,128,0,10214.761,50.584,18.931,6706
289,VGG,CIFAR-10,2,32,1,2503.04,VGG,CIFAR-10,2,128,1,9403.676,47.029,14.238,6228
290,VGG,CIFAR-10,2,64,0,5208.376,VGG,CIFAR-10,2,64,0,5275.402,49.117,16.718,6670
291,VGG,CIFAR-10,2,64,0,5318.601,VGG,CIFAR-10,2,64,1,4982.688,49.139,15.525,5670
292,VGG,CIFAR-10,2,64,1,4807.924,VGG,CIFAR-10,2,64,1,4874.647,44.333,13.2,6074
293,VGG,CIFAR-10,2,64,0,5224.296,VGG,CIFAR-10,2,128,0,10503.008,55.61,22.505,5676
294,VGG,CIFAR-10,2,64,0,5261.041,VGG,CIFAR-10,2,128,1,9560.955,50.495,16.816,6832
295,VGG,CIFAR-10,2,64,1,4931.37,VGG,CIFAR-10,2,128,0,10398.199,52.33,20.039,5896
296,VGG,CIFAR-10,2,64,1,4927.254,VGG,CIFAR-10,2,128,1,9590.792,47.99,15.107,6268
297,VGG,CIFAR-10,2,128,0,10206.786,VGG,CIFAR-10,2,128,0,10216.352,59.495,25.602,6986
298,VGG,CIFAR-10,2,128,0,10270.04,VGG,CIFAR-10,2,128,1,9573.844,56.534,21.573,6990
299,VGG,CIFAR-10,2,128,1,9643.56,VGG,CIFAR-10,2,128,1,9841.95,51.61,17.533,6008
0,ResNet18,CIFAR-10,2,32,0,1705.765,DCGAN,LSUN,2,32,0,1707.782,44.069,12.693,5120
1,ResNet18,CIFAR-10,2,32,0,1729.537,DCGAN,LSUN,2,32,1,1610.973,41.455,11.434,5058
2,ResNet18,CIFAR-10,2,32,1,1608.41,DCGAN,LSUN,2,32,0,1746.26,41.693,11.188,5038
3,ResNet18,CIFAR-10,2,32,1,1639.664,DCGAN,LSUN,2,32,1,1574.568,40.879,11.01,5046
4,ResNet18,CIFAR-10,2,32,0,1717.71,DCGAN,LSUN,2,64,0,3439.097,51.653,17.396,5682
5,ResNet18,CIFAR-10,2,32,0,1727.512,DCGAN,LSUN,2,64,1,2959.135,43.881,13.554,5148
6,ResNet18,CIFAR-10,2,32,1,1594.741,DCGAN,LSUN,2,64,0,3274.907,48.364,15.697,5224
7,ResNet18,CIFAR-10,2,32,1,1622.071,DCGAN,LSUN,2,64,1,2972.909,42.188,12.347,5786
8,ResNet18,CIFAR-10,2,32,0,1688.254,DCGAN,LSUN,2,128,0,6299.645,61.455,22.505,5414
9,ResNet18,CIFAR-10,2,32,0,1725.287,DCGAN,LSUN,2,128,1,5663.8,50.742,15.773,4966
10,ResNet18,CIFAR-10,2,32,1,1560.557,DCGAN,LSUN,2,128,0,6231.904,57.893,20.835,5430
11,ResNet18,CIFAR-10,2,32,1,1621.401,DCGAN,LSUN,2,128,1,5621.787,46.733,16.99,4970
12,ResNet18,CIFAR-10,2,64,0,3469.398,DCGAN,LSUN,2,32,0,1711.482,51.97,18.564,5092
13,ResNet18,CIFAR-10,2,64,0,3465.448,DCGAN,LSUN,2,32,1,1551.852,47.737,17.576,5132
14,ResNet18,CIFAR-10,2,64,1,3197.796,DCGAN,LSUN,2,32,0,1754.976,46.577,14.258,5070
15,ResNet18,CIFAR-10,2,64,1,3173.703,DCGAN,LSUN,2,32,1,1569.617,42.072,12.784,5040
16,ResNet18,CIFAR-10,2,64,0,3446.22,DCGAN,LSUN,2,64,0,3363.525,56.624,21.267,5302
17,ResNet18,CIFAR-10,2,64,0,3484.364,DCGAN,LSUN,2,64,1,3011.335,50.317,19.327,5146
18,ResNet18,CIFAR-10,2,64,1,3191.756,DCGAN,LSUN,2,64,0,3232.833,51.861,18.059,5370
19,ResNet18,CIFAR-10,2,64,1,3197.042,DCGAN,LSUN,2,64,1,3057.04,45.386,15.05,5164
20,ResNet18,CIFAR-10,2,64,0,3376.43,DCGAN,LSUN,2,128,0,6435.467,69.124,26.819,5526
21,ResNet18,CIFAR-10,2,64,0,3432.078,DCGAN,LSUN,2,128,1,5979.063,57.825,22.641,4934
22,ResNet18,CIFAR-10,2,64,1,3156.031,DCGAN,LSUN,2,128,0,6628.658,63.869,24.393,5424
23,ResNet18,CIFAR-10,2,64,1,3188.713,DCGAN,LSUN,2,128,1,5799.061,51.188,17.584,4886
24,ResNet18,CIFAR-10,2,128,0,6569.855,DCGAN,LSUN,2,32,0,1715.571,62.59,28.971,5364
25,ResNet18,CIFAR-10,2,128,0,6626.967,DCGAN,LSUN,2,32,1,1525.768,58.262,26.913,6350
26,ResNet18,CIFAR-10,2,128,1,6167.599,DCGAN,LSUN,2,32,0,1700.747,52.981,20.184,5690
27,ResNet18,CIFAR-10,2,128,1,6213.252,DCGAN,LSUN,2,32,1,1599.813,49.429,18.162,5692
28,ResNet18,CIFAR-10,2,128,0,6692.689,DCGAN,LSUN,2,64,0,3366.446,71.709,33.602,5434
29,ResNet18,CIFAR-10,2,128,0,6638.659,DCGAN,LSUN,2,64,1,2938.927,62.232,29.444,6396
30,ResNet18,CIFAR-10,2,128,1,6088.4,DCGAN,LSUN,2,64,0,3303.744,59.97,24.04,5730
31,ResNet18,CIFAR-10,2,128,1,6097.41,DCGAN,LSUN,2,64,1,2946.828,51.777,19.515,6648
32,ResNet18,CIFAR-10,2,128,0,6443.273,DCGAN,LSUN,2,128,0,6214.18,79.845,38.311,6734
33,ResNet18,CIFAR-10,2,128,0,6793.664,DCGAN,LSUN,2,128,1,5692.954,67.71,32.019,5986
34,ResNet18,CIFAR-10,2,128,1,5971.669,DCGAN,LSUN,2,128,0,6395.519,72.243,28.573,6732
35,ResNet18,CIFAR-10,2,128,1,6069.824,DCGAN,LSUN,2,128,1,5572.097,55.99,20.932,6294
36,MobileNetV2,CIFAR-10,2,32,0,1064.193,DCGAN,LSUN,2,32,0,1642.188,35.232,9.051,5010
37,MobileNetV2,CIFAR-10,2,32,0,1050.561,DCGAN,LSUN,2,32,1,1489.557,32.172,7.929,5108
38,MobileNetV2,CIFAR-10,2,32,1,972.723,DCGAN,LSUN,2,32,0,1665.035,34.792,6.733,4908
39,MobileNetV2,CIFAR-10,2,32,1,957.715,DCGAN,LSUN,2,32,1,1586.139,31.742,6.454,5046
40,MobileNetV2,CIFAR-10,2,32,0,1028.152,DCGAN,LSUN,2,64,0,3266.877,42.04,12.05,5196
41,MobileNetV2,CIFAR-10,2,32,0,1036.577,DCGAN,LSUN,2,64,1,2798.372,35.427,10.359,5064
42,MobileNetV2,CIFAR-10,2,32,1,982.161,DCGAN,LSUN,2,64,0,3288.846,41.899,11.172,5244
43,MobileNetV2,CIFAR-10,2,32,1,974.169,DCGAN,LSUN,2,64,1,2917.597,35.099,7.356,5064
44,MobileNetV2,CIFAR-10,2,32,0,1059.745,DCGAN,LSUN,2,128,0,6232.515,51.524,18.359,5424
45,MobileNetV2,CIFAR-10,2,32,0,1084.962,DCGAN,LSUN,2,128,1,5819.698,42.546,12.258,4984
46,MobileNetV2,CIFAR-10,2,32,1,979.771,DCGAN,LSUN,2,128,0,6202.128,51.32,16.35,5334
47,MobileNetV2,CIFAR-10,2,32,1,966.835,DCGAN,LSUN,2,128,1,5601.619,38.198,9.743,4784
48,MobileNetV2,CIFAR-10,2,64,0,2148.716,DCGAN,LSUN,2,32,0,1674.027,41.727,14.081,5224
49,MobileNetV2,CIFAR-10,2,64,0,2101.737,DCGAN,LSUN,2,32,1,1540.574,38.232,13.053,5232
50,MobileNetV2,CIFAR-10,2,64,1,1957.624,DCGAN,LSUN,2,32,0,1717.153,37.536,9.835,5088
51,MobileNetV2,CIFAR-10,2,64,1,1951.528,DCGAN,LSUN,2,32,1,1541.817,32.703,8.03,5026
52,MobileNetV2,CIFAR-10,2,64,0,2117.772,DCGAN,LSUN,2,64,0,3314.757,46.748,17.583,5446
53,MobileNetV2,CIFAR-10,2,64,0,2122.737,DCGAN,LSUN,2,64,1,2949.238,40.586,13.949,5278
54,MobileNetV2,CIFAR-10,2,64,1,1918.631,DCGAN,LSUN,2,64,0,3327.815,43.424,13.232,5204
55,MobileNetV2,CIFAR-10,2,64,1,1885.698,DCGAN,LSUN,2,64,1,2859.955,36.103,9.093,5072
56,MobileNetV2,CIFAR-10,2,64,0,2116.648,DCGAN,LSUN,2,128,0,5762.101,56.446,23.01,5616
57,MobileNetV2,CIFAR-10,2,64,0,2199.213,DCGAN,LSUN,2,128,1,5572.553,44.359,16.485,5042
58,MobileNetV2,CIFAR-10,2,64,1,1926.848,DCGAN,LSUN,2,128,0,6227.967,54.697,18.778,5410
59,MobileNetV2,CIFAR-10,2,64,1,1985.388,DCGAN,LSUN,2,128,1,5910.093,43.333,12.788,4836
60,MobileNetV2,CIFAR-10,2,128,0,4250.95,DCGAN,LSUN,2,32,0,1765.818,52.019,24.143,5730
61,MobileNetV2,CIFAR-10,2,128,0,4181.821,DCGAN,LSUN,2,32,1,1574.783,48.317,23.069,5738
62,MobileNetV2,CIFAR-10,2,128,1,3716.251,DCGAN,LSUN,2,32,0,1668.615,43.608,14.412,5332
63,MobileNetV2,CIFAR-10,2,128,1,3779.043,DCGAN,LSUN,2,32,1,1536.494,40.309,13.546,5286
64,MobileNetV2,CIFAR-10,2,128,0,4171.556,DCGAN,LSUN,2,64,0,3439.769,58.929,26.889,5916
65,MobileNetV2,CIFAR-10,2,128,0,4179.693,DCGAN,LSUN,2,64,1,2905.631,50.427,23.767,5784
66,MobileNetV2,CIFAR-10,2,128,1,3746.223,DCGAN,LSUN,2,64,0,3171.675,49.845,17.408,5412
67,MobileNetV2,CIFAR-10,2,128,1,3771.954,DCGAN,LSUN,2,64,1,3063.689,43.707,14.909,5332
68,MobileNetV2,CIFAR-10,2,128,0,4175.081,DCGAN,LSUN,2,128,0,6419.05,70.592,33.903,6084
69,MobileNetV2,CIFAR-10,2,128,0,4244.146,DCGAN,LSUN,2,128,1,5634.564,58.059,26.832,5548
70,MobileNetV2,CIFAR-10,2,128,1,3691.489,DCGAN,LSUN,2,128,0,6829.692,65.697,25.273,5644
71,MobileNetV2,CIFAR-10,2,128,1,3790.443,DCGAN,LSUN,2,128,1,5622.47,47.788,17.263,5096
72,EfficientNetB0,CIFAR-10,2,32,0,902.018,DCGAN,LSUN,2,32,0,1755.043,34.0,5.804,4866
73,EfficientNetB0,CIFAR-10,2,32,0,876.023,DCGAN,LSUN,2,32,1,1575.332,30.526,5.247,4874
74,EfficientNetB0,CIFAR-10,2,32,1,792.459,DCGAN,LSUN,2,32,0,1669.402,33.545,5.752,4860
75,EfficientNetB0,CIFAR-10,2,32,1,773.705,DCGAN,LSUN,2,32,1,1530.801,30.505,4.6,4866
76,EfficientNetB0,CIFAR-10,2,32,0,919.222,DCGAN,LSUN,2,64,0,3337.681,41.202,9.596,5162
77,EfficientNetB0,CIFAR-10,2,32,0,877.74,DCGAN,LSUN,2,64,1,2869.334,31.937,6.063,5614
78,EfficientNetB0,CIFAR-10,2,32,1,782.545,DCGAN,LSUN,2,64,0,3343.357,41.379,9.6,5080
79,EfficientNetB0,CIFAR-10,2,32,1,794.81,DCGAN,LSUN,2,64,1,2979.214,32.576,6.121,4914
80,EfficientNetB0,CIFAR-10,2,32,0,870.838,DCGAN,LSUN,2,128,0,6348.126,48.905,15.41,5258
81,EfficientNetB0,CIFAR-10,2,32,0,882.502,DCGAN,LSUN,2,128,1,5615.102,37.454,8.753,5538
82,EfficientNetB0,CIFAR-10,2,32,1,783.112,DCGAN,LSUN,2,128,0,6368.523,50.069,15.267,5256
83,EfficientNetB0,CIFAR-10,2,32,1,797.759,DCGAN,LSUN,2,128,1,5576.558,40.606,11.778,4806
84,EfficientNetB0,CIFAR-10,2,64,0,1794.62,DCGAN,LSUN,2,32,0,1735.483,35.34,7.433,5002
85,EfficientNetB0,CIFAR-10,2,64,0,1780.701,DCGAN,LSUN,2,32,1,1504.574,32.152,5.758,5100
86,EfficientNetB0,CIFAR-10,2,64,1,1583.505,DCGAN,LSUN,2,32,0,1689.64,34.283,6.232,4908
87,EfficientNetB0,CIFAR-10,2,64,1,1580.691,DCGAN,LSUN,2,32,1,1464.966,30.969,4.814,4898
88,EfficientNetB0,CIFAR-10,2,64,0,1725.184,DCGAN,LSUN,2,64,0,3224.866,41.232,10.404,5188
89,EfficientNetB0,CIFAR-10,2,64,0,1800.593,DCGAN,LSUN,2,64,1,2830.996,33.941,6.99,5056
90,EfficientNetB0,CIFAR-10,2,64,1,1620.438,DCGAN,LSUN,2,64,0,3311.073,41.871,10.178,5074
91,EfficientNetB0,CIFAR-10,2,64,1,1554.23,DCGAN,LSUN,2,64,1,2956.577,33.01,6.323,5652
92,EfficientNetB0,CIFAR-10,2,64,0,1709.685,DCGAN,LSUN,2,128,0,6126.677,50.114,16.114,5394
93,EfficientNetB0,CIFAR-10,2,64,0,1766.895,DCGAN,LSUN,2,128,1,5868.481,39.476,9.728,4856
94,EfficientNetB0,CIFAR-10,2,64,1,1589.317,DCGAN,LSUN,2,128,0,6278.231,50.327,15.792,5282
95,EfficientNetB0,CIFAR-10,2,64,1,1590.613,DCGAN,LSUN,2,128,1,5612.349,39.01,8.99,4860
96,EfficientNetB0,CIFAR-10,2,128,0,3378.961,DCGAN,LSUN,2,32,0,1699.455,38.109,8.921,5112
97,EfficientNetB0,CIFAR-10,2,128,0,3493.6,DCGAN,LSUN,2,32,1,1497.162,34.347,7.693,5140
98,EfficientNetB0,CIFAR-10,2,128,1,3124.603,DCGAN,LSUN,2,32,0,1647.328,35.798,7.333,5094
99,EfficientNetB0,CIFAR-10,2,128,1,3103.406,DCGAN,LSUN,2,32,1,1561.893,32.838,6.111,5192
100,EfficientNetB0,CIFAR-10,2,128,0,3579.924,DCGAN,LSUN,2,64,0,3317.475,44.204,12.699,5264
101,EfficientNetB0,CIFAR-10,2,128,0,3470.442,DCGAN,LSUN,2,64,1,2953.172,37.718,9.553,5228
102,EfficientNetB0,CIFAR-10,2,128,1,3155.975,DCGAN,LSUN,2,64,0,3288.323,43.071,11.131,5318
103,EfficientNetB0,CIFAR-10,2,128,1,3105.775,DCGAN,LSUN,2,64,1,2845.984,35.574,7.069,5148
104,EfficientNetB0,CIFAR-10,2,128,0,3484.066,DCGAN,LSUN,2,128,0,6544.972,55.516,18.957,5434
105,EfficientNetB0,CIFAR-10,2,128,0,3670.547,DCGAN,LSUN,2,128,1,5870.932,43.257,12.287,4880
106,EfficientNetB0,CIFAR-10,2,128,1,3211.037,DCGAN,LSUN,2,128,0,6298.801,52.854,16.699,5486
107,EfficientNetB0,CIFAR-10,2,128,1,3014.899,DCGAN,LSUN,2,128,1,5569.722,40.165,9.857,5070
108,VGG,CIFAR-10,2,32,0,2722.909,DCGAN,LSUN,2,32,0,1729.146,44.895,11.59,5974
109,VGG,CIFAR-10,2,32,0,2721.263,DCGAN,LSUN,2,32,1,1618.174,41.822,9.822,5982
110,VGG,CIFAR-10,2,32,1,2495.296,DCGAN,LSUN,2,32,0,1713.804,41.718,10.641,5410
111,VGG,CIFAR-10,2,32,1,2542.184,DCGAN,LSUN,2,32,1,1520.054,38.087,9.612,5418
112,VGG,CIFAR-10,2,32,0,2861.902,DCGAN,LSUN,2,64,0,3454.019,51.771,15.524,6160
113,VGG,CIFAR-10,2,32,0,2758.595,DCGAN,LSUN,2,64,1,2966.481,43.362,11.086,6028
114,VGG,CIFAR-10,2,32,1,2570.992,DCGAN,LSUN,2,64,0,3392.273,48.98,14.564,5934
115,VGG,CIFAR-10,2,32,1,2439.22,DCGAN,LSUN,2,64,1,2994.841,40.594,10.723,5464
116,VGG,CIFAR-10,2,32,0,2768.283,DCGAN,LSUN,2,128,0,6229.528,61.01,20.534,6366
117,VGG,CIFAR-10,2,32,0,2750.058,DCGAN,LSUN,2,128,1,5687.368,47.699,13.602,5792
118,VGG,CIFAR-10,2,32,1,2529.552,DCGAN,LSUN,2,128,0,6405.072,60.087,21.233,6380
119,VGG,CIFAR-10,2,32,1,2549.86,DCGAN,LSUN,2,128,1,5719.003,45.942,13.33,5806
120,VGG,CIFAR-10,2,64,0,5258.945,DCGAN,LSUN,2,32,0,1711.498,45.437,13.495,6064
121,VGG,CIFAR-10,2,64,0,5298.629,DCGAN,LSUN,2,32,1,1576.772,43.644,12.683,5898
122,VGG,CIFAR-10,2,64,1,4985.939,DCGAN,LSUN,2,32,0,1715.717,43.646,11.828,6582
123,VGG,CIFAR-10,2,64,1,4969.348,DCGAN,LSUN,2,32,1,1576.211,41.806,11.359,6210
124,VGG,CIFAR-10,2,64,0,5381.751,DCGAN,LSUN,2,64,0,3309.222,54.01,17.04,6214
125,VGG,CIFAR-10,2,64,0,5325.751,DCGAN,LSUN,2,64,1,2992.209,45.67,13.796,6082
126,VGG,CIFAR-10,2,64,1,4850.355,DCGAN,LSUN,2,64,0,3309.127,49.398,15.835,5650
127,VGG,CIFAR-10,2,64,1,4769.095,DCGAN,LSUN,2,64,1,2967.554,42.069,11.762,6636
128,VGG,CIFAR-10,2,64,0,5346.348,DCGAN,LSUN,2,128,0,6252.293,62.172,23.061,6420
129,VGG,CIFAR-10,2,64,0,5392.612,DCGAN,LSUN,2,128,1,5477.825,50.233,17.117,5380
130,VGG,CIFAR-10,2,64,1,4884.821,DCGAN,LSUN,2,128,0,6686.365,62.136,22.204,5856
131,VGG,CIFAR-10,2,64,1,5113.498,DCGAN,LSUN,2,128,1,5925.559,48.859,15.374,6226
132,VGG,CIFAR-10,2,128,0,10320.615,DCGAN,LSUN,2,32,0,1715.956,51.238,17.762,6288
133,VGG,CIFAR-10,2,128,0,10718.883,DCGAN,LSUN,2,32,1,1552.419,48.98,17.891,5556
134,VGG,CIFAR-10,2,128,1,9567.432,DCGAN,LSUN,2,32,0,1748.663,47.223,13.767,6202
135,VGG,CIFAR-10,2,128,1,9463.945,DCGAN,LSUN,2,32,1,1606.355,43.777,12.019,6198
136,VGG,CIFAR-10,2,128,0,10423.855,DCGAN,LSUN,2,64,0,3264.307,56.354,20.475,6818
137,VGG,CIFAR-10,2,128,0,10533.019,DCGAN,LSUN,2,64,1,2841.398,51.562,18.971,6240
138,VGG,CIFAR-10,2,128,1,9528.219,DCGAN,LSUN,2,64,0,3443.715,54.641,18.184,5876
139,VGG,CIFAR-10,2,128,1,9576.722,DCGAN,LSUN,2,64,1,3014.516,45.762,13.446,5412
140,VGG,CIFAR-10,2,128,0,10562.629,DCGAN,LSUN,2,128,0,6267.443,68.838,27.124,6598
141,VGG,CIFAR-10,2,128,0,10582.577,DCGAN,LSUN,2,128,1,5944.669,56.143,20.505,5944
142,VGG,CIFAR-10,2,128,1,9370.367,DCGAN,LSUN,2,128,0,6218.456,67.812,24.782,6600
143,VGG,CIFAR-10,2,128,1,9491.215,DCGAN,LSUN,2,128,1,5842.517,51.029,16.838,5374
0,MobileNetV3,ImageNet,2,32,0,1296.399,MobileNetV3,ImageNet,2,32,0,1374.433,33.455,9.0,4718
1,MobileNetV3,ImageNet,2,32,0,1292.421,MobileNetV3,ImageNet,2,32,1,1185.286,35.4,6.4,4588
2,MobileNetV3,ImageNet,2,32,1,1272.302,MobileNetV3,ImageNet,2,32,1,1146.946,32.4,4.8,4488
3,MobileNetV3,ImageNet,2,32,0,1335.284,MobileNetV3,ImageNet,2,64,0,2532.426,39.909,15.364,5044
4,MobileNetV3,ImageNet,2,32,0,1228.67,MobileNetV3,ImageNet,2,64,1,2166.571,35.556,9.444,4766
5,MobileNetV3,ImageNet,2,32,1,1186.899,MobileNetV3,ImageNet,2,64,0,2641.788,41.6,12.8,4942
6,MobileNetV3,ImageNet,2,32,1,1261.847,MobileNetV3,ImageNet,2,64,1,2577.029,38.8,8.2,4664
7,MobileNetV3,ImageNet,2,32,0,1311.409,MobileNetV3,ImageNet,2,128,0,5234.895,53.571,25.143,5670
8,MobileNetV3,ImageNet,2,32,0,1320.537,MobileNetV3,ImageNet,2,128,1,4739.639,47.222,15.556,5180
9,MobileNetV3,ImageNet,2,32,1,1201.836,MobileNetV3,ImageNet,2,128,0,5407.872,59.286,26.429,5568
10,MobileNetV3,ImageNet,2,32,1,1222.376,MobileNetV3,ImageNet,2,128,1,4605.829,45.111,12.667,4994
11,MobileNetV3,ImageNet,2,64,0,2649.643,MobileNetV3,ImageNet,2,64,0,2614.308,44.0,19.667,5382
12,MobileNetV3,ImageNet,2,64,0,2711.398,MobileNetV3,ImageNet,2,64,1,2579.456,47.6,16.8,5124
13,MobileNetV3,ImageNet,2,64,1,2440.675,MobileNetV3,ImageNet,2,64,1,2441.445,42.286,10.857,4830
14,MobileNetV3,ImageNet,2,64,0,2643.207,MobileNetV3,ImageNet,2,128,0,5193.373,64.727,33.545,6024
15,MobileNetV3,ImageNet,2,64,0,2608.438,MobileNetV3,ImageNet,2,128,1,4352.944,55.667,19.667,5392
16,MobileNetV3,ImageNet,2,64,1,2367.347,MobileNetV3,ImageNet,2,128,0,5253.832,63.2,29.6,5722
17,MobileNetV3,ImageNet,2,64,1,2279.283,MobileNetV3,ImageNet,2,128,1,4411.359,51.571,15.714,5242
18,MobileNetV3,ImageNet,2,128,0,4680.286,MobileNetV3,ImageNet,2,128,0,5039.635,77.4,44.2,6634
19,MobileNetV3,ImageNet,2,128,0,5851.333,MobileNetV3,ImageNet,2,128,1,4654.172,79.6,37.6,6064
20,MobileNetV3,ImageNet,2,128,1,4521.369,MobileNetV3,ImageNet,2,128,1,4676.987,68.273,23.727,5654
0,DCGAN,LSUN,2,32,0,1709.177,DCGAN,LSUN,2,32,0,1719.993,42.583,11.068,5456
1,DCGAN,LSUN,2,32,0,1729.339,DCGAN,LSUN,2,32,1,1562.04,41.386,10.99,5394
2,DCGAN,LSUN,2,32,1,1571.423,DCGAN,LSUN,2,32,1,1541.457,36.158,9.069,5492
3,DCGAN,LSUN,2,32,0,1717.672,DCGAN,LSUN,2,64,0,3376.522,48.891,13.941,5682
4,DCGAN,LSUN,2,32,0,1721.23,DCGAN,LSUN,2,64,1,2887.584,42.832,11.624,5440
5,DCGAN,LSUN,2,32,1,1549.214,DCGAN,LSUN,2,64,0,3366.804,46.747,13.626,5670
6,DCGAN,LSUN,2,32,1,1586.312,DCGAN,LSUN,2,64,1,2970.711,39.263,10.242,5448
7,DCGAN,LSUN,2,32,0,1704.666,DCGAN,LSUN,2,128,0,6641.713,61.355,22.056,5778
8,DCGAN,LSUN,2,32,0,1733.603,DCGAN,LSUN,2,128,1,5644.31,46.583,13.204,5650
9,DCGAN,LSUN,2,32,1,1541.055,DCGAN,LSUN,2,128,0,6248.254,55.388,18.67,5786
10,DCGAN,LSUN,2,32,1,1571.455,DCGAN,LSUN,2,128,1,5666.201,44.732,13.186,5212
11,DCGAN,LSUN,2,64,0,3313.726,DCGAN,LSUN,2,64,0,3330.083,55.386,17.188,5758
12,DCGAN,LSUN,2,64,0,3255.899,DCGAN,LSUN,2,64,1,2961.524,47.32,14.412,5626
13,DCGAN,LSUN,2,64,1,2946.233,DCGAN,LSUN,2,64,1,2939.039,42.175,11.0,5494
14,DCGAN,LSUN,2,64,0,3314.41,DCGAN,LSUN,2,128,0,6659.102,67.467,24.457,5964
15,DCGAN,LSUN,2,64,0,3346.895,DCGAN,LSUN,2,128,1,5700.347,55.705,16.962,5330
16,DCGAN,LSUN,2,64,1,3054.077,DCGAN,LSUN,2,128,0,6152.933,58.495,19.971,5832
17,DCGAN,LSUN,2,64,1,3101.031,DCGAN,LSUN,2,128,1,5846.405,46.97,14.071,5258
18,DCGAN,LSUN,2,128,0,5695.405,DCGAN,LSUN,2,128,0,5779.503,72.743,27.505,6168
19,DCGAN,LSUN,2,128,0,6317.98,DCGAN,LSUN,2,128,1,5417.537,64.343,22.61,5594
20,DCGAN,LSUN,2,128,1,5456.358,DCGAN,LSUN,2,128,1,5553.531,49.324,15.905,5022
